date_time,maxtempC,mintempC,totalSnow_cm,sunHour,uvIndex,moon_illumination,moonrise,moonset,sunrise,sunset,DewPointC,FeelsLikeC,HeatIndexC,WindChillC,WindGustKmph,cloudcover,humidity,precipMM,pressure,tempC,visibility,winddirDegree,windspeedKmph,location
2019-02-09,18,10,0.0,11.0,4,29,09:43 AM,10:00 PM,07:06 AM,06:05 PM,7,13,13,13,20,1,66,0.0,1018,18,17,312,12,Kair
2019-02-10,18,9,0.0,8.6,3,37,10:15 AM,10:53 PM,07:05 AM,06:06 PM,7,13,13,13,14,54,69,0.0,1020,18,14,297,8,Kair
2019-02-11,20,11,0.0,11.0,5,44,10:48 AM,11:49 PM,07:04 AM,06:07 PM,9,15,15,15,10,27,67,0.0,1020,20,14,305,6,Kair
2019-02-12,22,14,0.0,11.1,5,52,11:23 AM,No moonset,07:03 AM,06:08 PM,12,17,17,17,8,25,74,0.0,1020,22,13,256,4,Kair
2019-02-13,25,14,0.0,11.1,5,60,12:02 PM,12:46 AM,07:03 AM,06:08 PM,13,19,20,19,5,24,68,0.0,1019,25,12,182,3,Kair
2019-02-14,22,15,0.0,10.1,4,67,12:46 PM,01:46 AM,07:02 AM,06:09 PM,13,18,18,18,22,48,76,1.0,1016,22,13,114,13,Kair
2019-02-15,20,14,0.0,5.5,4,75,01:38 PM,02:47 AM,07:01 AM,06:10 PM,14,16,17,16,14,79,86,14.0,1015,20,11,150,8,Kair
2019-02-16,20,12,0.0,7.1,4,82,02:35 PM,03:50 AM,07:00 AM,06:11 PM,13,15,15,15,12,50,87,1.0,1016,20,13,311,7,Kair
2019-02-17,20,12,0.0,11.5,5,90,03:40 PM,04:51 AM,06:59 AM,06:12 PM,12,15,15,15,20,11,81,0.0,1013,20,15,295,13,Kair
2019-02-18,23,12,0.0,11.5,4,97,04:48 PM,05:49 AM,06:58 AM,06:12 PM,10,17,18,17,12,25,67,0.8,1010,23,13,241,7,Kair
2019-02-19,23,13,0.0,11.6,4,100,05:58 PM,06:42 AM,06:57 AM,06:13 PM,13,17,18,17,17,34,77,0.9,1013,23,11,162,10,Kair
2019-02-20,19,14,0.0,5.8,4,88,07:08 PM,07:30 AM,06:56 AM,06:14 PM,13,16,16,16,22,58,78,1.0,1017,19,9,93,12,Kair
2019-02-21,25,13,0.0,10.1,5,80,08:16 PM,08:13 AM,06:55 AM,06:14 PM,12,19,19,19,26,35,65,0.3,1017,25,10,117,15,Kair
2019-02-22,24,16,0.0,11.6,6,73,09:22 PM,08:54 AM,06:54 AM,06:15 PM,14,19,20,19,18,20,73,0.5,1016,24,10,307,12,Kair
2019-02-23,21,11,0.0,11.6,5,65,10:25 PM,09:33 AM,06:53 AM,06:16 PM,11,15,16,15,24,14,76,0.0,1014,21,17,307,15,Kair
2019-02-24,22,12,0.0,11.6,5,57,11:27 PM,10:11 AM,06:52 AM,06:17 PM,11,16,17,16,17,23,71,0.0,1011,22,11,311,11,Kair
2019-02-25,24,14,0.0,11.6,5,50,No moonrise,10:51 AM,06:51 AM,06:17 PM,9,18,19,18,10,7,58,0.0,1011,24,10,178,6,Kair
2019-02-26,21,12,0.0,8.7,4,42,12:26 AM,11:32 AM,06:50 AM,06:18 PM,9,15,16,15,20,41,64,1.5,1011,21,10,112,12,Kair
2019-02-27,16,11,0.0,5.9,3,35,01:25 AM,12:14 PM,06:49 AM,06:19 PM,10,13,13,13,13,72,84,11.1,1011,16,9,135,8,Kair
2019-02-28,19,11,0.0,11.6,5,27,02:20 AM,01:00 PM,06:48 AM,06:19 PM,10,14,14,14,15,3,74,0.0,1014,19,10,318,11,Kair
2019-03-01,21,10,0.0,11.6,5,26,03:12 AM,01:49 PM,06:47 AM,06:20 PM,10,15,16,15,16,6,70,0.0,1015,21,10,308,10,Kair
2019-03-02,23,13,0.0,10.2,4,19,04:01 AM,02:39 PM,06:46 AM,06:21 PM,10,17,18,17,12,35,66,0.6,1015,23,9,174,7,Kair
2019-03-03,22,13,0.0,11.6,5,12,04:46 AM,03:31 PM,06:45 AM,06:21 PM,12,17,18,17,15,38,76,0.2,1012,22,10,142,9,Kair
2019-03-04,23,14,0.0,7.3,4,4,05:27 AM,04:24 PM,06:44 AM,06:22 PM,14,18,18,18,15,42,78,2.8,1009,23,10,251,9,Kair
2019-03-05,22,13,0.0,11.6,5,0,06:05 AM,05:17 PM,06:43 AM,06:23 PM,13,17,19,17,17,2,76,0.0,1009,22,9,309,12,Kair
2019-03-06,23,14,0.0,11.6,5,0,06:40 AM,06:10 PM,06:42 AM,06:23 PM,13,18,19,18,17,3,74,0.0,1011,23,10,308,12,Kair
2019-03-07,24,15,0.0,11.6,6,3,07:13 AM,07:03 PM,06:41 AM,06:24 PM,12,19,20,19,15,5,67,0.0,1011,24,10,303,10,Kair
2019-03-08,23,14,0.0,8.8,4,10,07:45 AM,07:56 PM,06:40 AM,06:25 PM,8,18,18,18,19,31,53,0.0,1013,23,10,219,11,Kair
2019-03-09,24,14,0.0,11.6,6,17,08:17 AM,08:49 PM,06:38 AM,06:25 PM,9,18,19,18,23,5,55,0.0,1012,24,10,321,14,Kair
2019-03-10,26,14,0.0,11.6,6,24,08:49 AM,09:44 PM,06:37 AM,06:26 PM,12,21,21,20,15,0,62,0.0,1013,26,10,265,10,Kair
2019-03-11,24,16,0.0,8.8,5,32,09:24 AM,10:40 PM,06:36 AM,06:27 PM,11,20,21,20,23,40,60,1.4,1013,24,10,95,13,Kair
2019-03-12,26,17,0.0,11.6,6,39,10:01 AM,11:38 PM,06:35 AM,06:27 PM,11,21,21,21,24,19,57,0.0,1015,26,10,193,14,Kair
2019-03-13,22,15,0.0,11.6,4,46,10:42 AM,No moonset,06:34 AM,06:28 PM,10,18,19,18,18,42,59,0.0,1015,22,10,321,10,Kair
2019-03-14,26,15,0.0,11.6,5,54,11:29 AM,12:38 AM,06:33 AM,06:28 PM,9,19,19,19,18,27,54,0.5,1016,26,10,178,11,Kair
2019-03-15,26,14,0.0,11.6,6,61,12:22 PM,01:38 AM,06:32 AM,06:29 PM,12,20,21,20,18,7,66,0.0,1017,26,10,221,12,Kair
2019-03-16,25,14,0.0,8.8,5,68,01:21 PM,02:38 AM,06:30 AM,06:30 PM,11,19,20,19,18,35,60,0.0,1015,25,10,313,11,Kair
2019-03-17,29,17,0.0,11.6,6,75,02:26 PM,03:35 AM,06:29 AM,06:30 PM,10,22,22,22,13,14,49,0.0,1014,29,17,310,9,Kair
2019-03-18,28,19,0.0,11.6,6,83,03:34 PM,04:28 AM,06:28 AM,06:31 PM,10,23,23,23,11,11,46,0.0,1013,28,20,262,7,Kair
2019-03-19,30,18,0.0,11.6,7,90,04:43 PM,05:18 AM,06:27 AM,06:31 PM,12,25,25,24,13,8,48,0.0,1010,30,11,242,9,Kair
2019-03-20,30,20,0.0,10.2,6,97,05:51 PM,06:02 AM,06:26 AM,06:32 PM,10,25,25,24,21,22,43,0.4,1008,30,10,119,13,Kair
2019-03-21,30,19,0.0,11.6,7,100,06:59 PM,06:44 AM,06:24 AM,06:33 PM,8,24,24,24,14,6,39,0.0,1011,30,10,258,9,Kair
2019-03-22,29,19,0.0,11.6,6,88,08:04 PM,07:24 AM,06:23 AM,06:33 PM,7,23,23,23,26,2,38,0.0,1013,29,10,321,16,Kair
2019-03-23,30,17,0.0,11.6,7,81,09:09 PM,08:03 AM,06:22 AM,06:34 PM,7,23,23,23,32,1,37,0.0,1012,30,10,320,19,Kair
2019-03-24,32,21,0.0,11.6,7,74,10:12 PM,08:43 AM,06:21 AM,06:34 PM,8,26,26,25,26,12,33,0.0,1011,32,10,313,16,Kair
2019-03-25,28,19,0.0,11.6,5,66,11:13 PM,09:25 AM,06:20 AM,06:35 PM,10,24,24,23,17,32,47,0.1,1012,28,10,201,11,Kair
2019-03-26,31,18,0.0,11.6,7,59,No moonrise,10:08 AM,06:18 AM,06:36 PM,10,25,25,25,19,3,43,0.0,1013,31,10,300,13,Kair
2019-03-27,34,20,0.0,11.6,7,52,12:11 AM,10:54 AM,06:17 AM,06:36 PM,10,28,28,28,17,5,38,0.0,1012,34,10,269,11,Kair
2019-03-28,35,22,0.0,11.6,8,45,01:06 AM,11:43 AM,06:16 AM,06:37 PM,9,30,30,30,15,4,31,0.0,1010,35,17,313,10,Kair
2019-03-29,37,23,0.0,11.6,8,37,01:57 AM,12:33 PM,06:15 AM,06:37 PM,10,31,31,30,12,7,32,0.0,1008,37,20,227,8,Kair
2019-03-30,39,25,0.0,11.6,8,30,02:43 AM,01:25 PM,06:14 AM,06:38 PM,7,32,32,32,13,18,23,0.0,1006,39,20,169,8,Kair
2019-03-31,36,25,0.0,11.6,8,26,03:26 AM,02:17 PM,06:13 AM,06:39 PM,3,30,30,31,20,1,21,0.0,1006,36,11,293,13,Kair
2019-04-01,36,22,0.0,11.6,8,9,04:05 AM,03:11 PM,06:11 AM,06:39 PM,3,29,29,29,22,1,23,0.0,1007,36,10,271,15,Kair
2019-04-02,37,23,0.0,11.6,8,1,04:40 AM,04:03 PM,06:10 AM,06:40 PM,5,31,31,30,12,0,23,0.0,1008,37,10,323,8,Kair
2019-04-03,39,25,0.0,11.6,8,0,05:14 AM,04:57 PM,06:09 AM,06:40 PM,6,32,32,32,15,0,21,0.0,1007,39,10,267,10,Kair
2019-04-04,40,26,0.0,11.6,8,0,05:47 AM,05:50 PM,06:08 AM,06:41 PM,6,34,34,34,13,2,21,0.0,1007,40,10,152,9,Kair
2019-04-05,39,26,0.0,11.6,8,0,06:18 AM,06:44 PM,06:07 AM,06:41 PM,8,33,33,33,12,6,23,0.0,1006,39,10,141,8,Kair
2019-04-06,42,26,0.0,11.6,9,6,06:51 AM,07:39 PM,06:06 AM,06:42 PM,10,34,34,33,13,7,26,0.0,1006,42,10,167,9,Kair
2019-04-07,39,26,0.0,11.6,8,14,07:25 AM,08:35 PM,06:05 AM,06:43 PM,10,33,33,33,20,8,27,0.0,1004,39,10,147,12,Kair
2019-04-08,39,27,0.0,11.6,8,21,08:01 AM,09:34 PM,06:03 AM,06:43 PM,10,33,33,33,18,21,29,0.4,1005,39,10,126,12,Kair
2019-04-09,39,27,0.0,11.6,8,29,08:41 AM,10:33 PM,06:02 AM,06:44 PM,9,33,33,33,13,1,25,0.0,1005,39,10,137,9,Kair
2019-04-10,40,29,0.0,11.6,9,36,09:27 AM,11:33 PM,06:01 AM,06:44 PM,8,34,34,34,14,2,21,0.0,1006,40,10,213,9,Kair
2019-04-11,40,29,0.0,12.5,9,44,10:17 AM,No moonset,06:00 AM,06:45 PM,7,35,35,35,15,1,19,0.0,1006,40,10,159,11,Kair
2019-04-12,39,29,0.0,12.9,9,52,11:13 AM,12:32 AM,05:59 AM,06:46 PM,6,34,34,34,19,8,19,0.0,1006,39,10,239,13,Kair
2019-04-13,40,28,0.0,12.9,9,59,12:14 PM,01:29 AM,05:58 AM,06:46 PM,8,34,34,34,20,4,22,0.0,1007,40,10,236,13,Kair
2019-04-14,40,30,0.0,12.9,9,67,01:19 PM,02:21 AM,05:57 AM,06:47 PM,6,35,35,35,24,2,18,0.0,1006,40,10,246,16,Kair
2019-04-15,41,29,0.0,12.9,9,74,02:25 PM,03:10 AM,05:56 AM,06:47 PM,5,35,35,35,23,14,17,0.0,1005,41,10,313,15,Kair
2019-04-16,35,29,0.0,12.9,7,82,03:32 PM,03:55 AM,05:55 AM,06:48 PM,12,32,32,31,22,38,35,5.2,1007,35,9,141,15,Kair
2019-04-17,29,20,0.0,9.4,5,89,04:38 PM,04:36 AM,05:54 AM,06:49 PM,14,24,24,24,23,77,59,46.0,1011,29,8,115,15,Kair
2019-04-18,29,19,0.0,13.0,7,97,05:44 PM,05:16 AM,05:53 AM,06:49 PM,13,26,26,25,10,33,50,7.2,1011,29,10,219,7,Kair
2019-04-19,33,23,0.0,13.0,7,100,06:48 PM,05:55 AM,05:52 AM,06:50 PM,11,28,28,28,16,16,36,0.0,1009,33,10,306,11,Kair
2019-04-20,35,26,0.0,13.0,8,88,07:53 PM,06:34 AM,05:51 AM,06:50 PM,10,29,29,30,13,9,29,0.0,1006,35,10,308,9,Kair
2019-04-21,37,27,0.0,13.0,8,81,08:55 PM,07:15 AM,05:50 AM,06:51 PM,9,31,31,32,17,9,25,0.0,1004,37,10,268,12,Kair
2019-04-22,40,30,0.0,13.0,9,73,09:57 PM,07:58 AM,05:49 AM,06:52 PM,10,33,33,34,14,4,24,0.0,1004,40,10,213,11,Kair
2019-04-23,41,31,0.0,13.0,9,65,10:55 PM,08:44 AM,05:48 AM,06:52 PM,9,35,35,36,15,1,20,0.0,1005,41,10,199,11,Kair
2019-04-24,43,31,0.0,13.1,9,58,11:49 PM,09:33 AM,05:47 AM,06:53 PM,10,37,37,37,13,1,20,0.0,1006,43,10,193,10,Kair
2019-04-25,42,32,0.0,13.1,9,50,No moonrise,10:23 AM,05:46 AM,06:54 PM,6,37,37,37,14,7,16,0.0,1005,42,10,165,10,Kair
2019-04-26,41,33,0.0,13.1,9,43,12:38 AM,11:16 AM,05:45 AM,06:54 PM,6,36,36,37,18,0,15,0.0,1005,41,17,182,14,Kair
2019-04-27,42,31,0.0,13.1,9,35,01:23 AM,12:09 PM,05:44 AM,06:55 PM,0,36,36,36,32,0,11,0.0,1004,42,20,322,22,Kair
2019-04-28,42,32,0.0,13.1,9,28,02:03 AM,01:02 PM,05:43 AM,06:55 PM,-3,37,37,37,31,0,8,0.0,1003,42,20,327,21,Kair
2019-04-29,43,32,0.0,13.1,10,20,02:40 AM,01:56 PM,05:42 AM,06:56 PM,-1,38,38,38,18,0,9,0.0,1002,43,20,188,12,Kair
2019-04-30,43,32,0.0,13.2,9,13,03:15 AM,02:48 PM,05:41 AM,06:57 PM,-3,38,38,38,19,12,8,0.0,1000,43,16,148,13,Kair
2019-05-01,43,31,0.0,13.2,9,12,03:47 AM,03:42 PM,05:40 AM,06:57 PM,0,38,38,37,24,18,11,0.0,999,43,20,143,15,Kair
2019-05-02,41,30,0.0,13.2,8,5,04:19 AM,04:35 PM,05:39 AM,06:58 PM,7,34,34,35,18,8,18,0.0,1001,41,16,96,12,Kair
2019-05-03,40,28,0.0,13.2,9,0,04:51 AM,05:30 PM,05:38 AM,06:59 PM,6,34,34,34,19,4,20,0.0,1004,40,17,166,13,Kair
2019-05-04,39,30,0.0,13.2,9,0,05:24 AM,06:27 PM,05:38 AM,06:59 PM,-0,33,33,34,21,0,13,0.0,1004,39,12,185,15,Kair
2019-05-05,41,30,0.0,13.6,9,2,06:00 AM,07:26 PM,05:37 AM,07:00 PM,-1,35,35,36,20,0,10,0.0,1005,41,12,309,15,Kair
2019-05-06,42,32,0.0,13.7,9,9,06:39 AM,08:26 PM,05:36 AM,07:01 PM,-2,36,36,37,14,0,9,0.0,1003,42,12,202,11,Kair
2019-05-07,43,33,0.0,13.7,9,17,07:23 AM,09:27 PM,05:35 AM,07:01 PM,-1,38,38,38,16,4,9,0.0,1001,43,12,228,12,Kair
2019-05-08,43,33,0.0,13.7,9,24,08:12 AM,10:27 PM,05:34 AM,07:02 PM,2,37,37,38,19,0,11,0.0,1001,43,12,221,15,Kair
2019-05-09,43,32,0.0,13.7,9,31,09:08 AM,11:26 PM,05:34 AM,07:02 PM,1,38,38,38,23,6,11,0.0,1000,43,12,274,17,Kair
2019-05-10,43,32,0.0,13.7,9,39,10:08 AM,No moonset,05:33 AM,07:03 PM,7,38,38,38,25,4,16,0.0,1001,43,12,271,17,Kair
2019-05-11,42,30,0.0,12.1,8,46,11:11 AM,12:20 AM,05:32 AM,07:04 PM,9,36,36,37,21,48,22,1.1,1004,42,11,249,15,Kair
2019-05-12,41,30,0.0,13.3,8,53,12:16 PM,01:09 AM,05:32 AM,07:04 PM,11,35,35,35,15,46,25,2.8,1004,41,12,232,11,Kair
2019-05-13,39,30,0.0,11.0,8,60,01:21 PM,01:54 AM,05:31 AM,07:05 PM,9,34,34,35,15,48,23,1.4,1003,39,11,131,11,Kair
2019-05-14,40,28,0.0,13.8,9,68,02:25 PM,02:35 AM,05:30 AM,07:06 PM,12,35,35,35,14,17,29,2.6,1003,40,11,141,10,Kair
2019-05-15,39,30,0.0,13.8,8,75,03:29 PM,03:14 AM,05:30 AM,07:06 PM,11,34,34,35,13,24,25,1.5,1004,39,12,210,10,Kair
2019-05-16,40,30,0.0,13.8,9,82,04:32 PM,03:51 AM,05:29 AM,07:07 PM,9,34,34,35,17,14,22,0.3,1004,40,12,167,13,Kair
2019-05-17,38,30,0.0,13.8,9,89,05:36 PM,04:29 AM,05:28 AM,07:07 PM,11,34,34,35,15,19,25,0.1,1004,38,12,193,11,Kair
2019-05-18,38,29,0.0,13.8,8,97,06:38 PM,05:08 AM,05:28 AM,07:08 PM,12,33,33,33,14,30,29,0.2,1004,38,12,235,11,Kair
2019-05-19,41,31,0.0,13.8,9,100,07:41 PM,05:50 AM,05:27 AM,07:09 PM,9,35,35,36,18,2,21,0.0,1004,41,12,318,14,Kair
2019-05-20,42,32,0.0,13.8,9,89,08:41 PM,06:34 AM,05:27 AM,07:09 PM,7,36,36,37,15,9,17,0.0,1005,42,12,322,12,Kair
2019-05-21,43,33,0.0,13.8,9,81,09:38 PM,07:22 AM,05:26 AM,07:10 PM,7,37,37,37,17,11,17,0.0,1003,43,12,325,13,Kair
2019-05-22,43,33,0.0,13.9,9,74,10:30 PM,08:12 AM,05:26 AM,07:11 PM,6,38,38,38,16,4,15,0.0,1001,43,12,258,11,Kair
2019-05-23,43,34,0.0,13.9,10,67,11:18 PM,09:05 AM,05:25 AM,07:11 PM,8,38,38,39,15,4,16,0.0,1001,43,11,232,11,Kair
2019-05-24,41,31,0.0,13.9,9,60,No moonrise,09:59 AM,05:25 AM,07:12 PM,12,36,36,36,16,33,24,0.6,1002,41,12,212,11,Kair
2019-05-25,40,31,0.0,13.9,9,52,12:00 AM,10:52 AM,05:25 AM,07:12 PM,10,35,35,36,26,4,22,0.0,1001,40,12,326,19,Kair
2019-05-26,42,33,0.0,13.9,9,45,12:39 AM,11:46 AM,05:24 AM,07:13 PM,7,37,37,37,18,0,18,0.0,1000,42,12,321,14,Kair
2019-05-27,43,34,0.0,13.9,10,38,01:14 AM,12:39 PM,05:24 AM,07:14 PM,3,38,38,38,20,0,13,0.0,1001,43,12,289,16,Kair
2019-05-28,44,34,0.0,13.9,10,31,01:47 AM,01:32 PM,05:23 AM,07:14 PM,2,39,39,39,18,0,11,0.0,1000,44,12,281,14,Kair
2019-05-29,46,36,0.0,13.9,10,23,02:18 AM,02:25 PM,05:23 AM,07:15 PM,2,41,41,40,14,1,10,0.0,999,46,12,279,10,Kair
2019-05-30,47,37,0.0,13.9,10,16,02:50 AM,03:19 PM,05:23 AM,07:15 PM,2,43,43,42,12,2,9,0.0,997,47,12,218,9,Kair
2019-05-31,47,38,0.0,13.9,10,12,03:23 AM,04:14 PM,05:23 AM,07:16 PM,1,45,45,43,12,3,8,0.0,997,47,12,312,9,Kair
2019-06-01,48,37,0.0,13.9,10,0,03:57 AM,05:13 PM,05:22 AM,07:16 PM,1,44,44,42,12,12,9,0.0,996,48,20,239,8,Kair
2019-06-02,50,34,0.0,14.0,10,0,04:34 AM,06:13 PM,05:22 AM,07:17 PM,7,43,43,41,17,4,14,0.0,997,50,12,193,12,Kair
2019-06-03,48,34,0.0,14.0,10,0,05:17 AM,07:15 PM,05:22 AM,07:17 PM,10,43,43,41,21,1,18,0.0,996,48,12,133,14,Kair
2019-06-04,47,34,0.0,14.0,9,6,06:05 AM,08:17 PM,05:22 AM,07:18 PM,11,42,42,40,17,17,20,0.0,996,47,12,134,12,Kair
2019-06-05,48,37,0.0,14.0,10,13,06:59 AM,09:19 PM,05:22 AM,07:18 PM,9,43,43,42,11,3,15,0.0,997,48,12,154,8,Kair
2019-06-06,46,36,0.0,13.3,9,21,07:59 AM,10:16 PM,05:21 AM,07:19 PM,5,42,42,41,11,22,12,0.0,998,46,12,206,8,Kair
2019-06-07,47,33,0.0,14.0,10,28,09:03 AM,11:08 PM,05:21 AM,07:19 PM,6,42,42,40,18,0,14,0.0,1000,47,12,174,12,Kair
2019-06-08,46,36,0.0,14.0,10,36,10:08 AM,11:54 PM,05:21 AM,07:20 PM,5,42,42,41,15,0,12,0.0,999,46,12,202,12,Kair
2019-06-09,47,38,0.0,14.0,10,44,11:14 AM,No moonset,05:21 AM,07:20 PM,6,44,44,42,12,0,11,0.0,997,47,17,236,9,Kair
2019-06-10,47,38,0.0,14.0,10,51,12:18 PM,12:36 AM,05:21 AM,07:21 PM,7,44,44,43,11,0,12,0.0,996,47,20,203,9,Kair
2019-06-11,46,36,0.0,14.0,10,59,01:22 PM,01:15 AM,05:21 AM,07:21 PM,5,43,43,41,13,23,12,0.0,994,46,17,231,9,Kair
2019-06-12,45,38,0.0,14.0,10,66,02:24 PM,01:52 AM,05:21 AM,07:21 PM,10,42,42,41,13,18,16,0.0,997,45,16,152,10,Kair
2019-06-13,46,35,0.0,14.0,10,74,03:26 PM,02:29 AM,05:21 AM,07:22 PM,10,43,43,41,16,1,17,0.0,996,46,20,173,12,Kair
2019-06-14,46,36,0.0,14.0,10,81,04:27 PM,03:06 AM,05:21 AM,07:22 PM,1,42,42,41,20,0,10,0.0,995,46,20,259,14,Kair
2019-06-15,46,33,0.0,14.0,10,89,05:29 PM,03:46 AM,05:21 AM,07:22 PM,5,42,42,40,30,0,15,0.0,995,46,20,282,21,Kair
2019-06-16,43,35,0.0,14.0,9,96,06:28 PM,04:28 AM,05:21 AM,07:23 PM,15,40,40,39,30,5,27,0.0,996,43,19,275,22,Kair
2019-06-17,41,32,0.0,14.0,8,100,07:27 PM,05:14 AM,05:22 AM,07:23 PM,15,37,37,36,25,30,30,0.2,997,41,19,277,19,Kair
2019-06-18,39,31,0.0,13.4,8,89,08:21 PM,06:03 AM,05:22 AM,07:23 PM,15,35,35,35,18,32,31,1.9,997,39,18,273,13,Kair
2019-06-19,42,32,0.0,14.0,8,81,09:11 PM,06:54 AM,05:22 AM,07:24 PM,16,38,38,37,11,20,32,0.3,998,42,15,176,8,Kair
2019-06-20,40,27,0.0,14.0,9,73,09:56 PM,07:48 AM,05:22 AM,07:24 PM,15,35,35,34,17,10,37,0.0,1000,40,10,194,13,Kair
2019-06-21,43,31,0.0,14.0,9,66,10:36 PM,08:42 AM,05:22 AM,07:24 PM,11,38,38,37,16,6,23,0.0,999,43,10,226,11,Kair
2019-06-22,45,34,0.0,14.0,10,58,11:13 PM,09:37 AM,05:22 AM,07:24 PM,9,40,40,40,11,2,17,0.0,998,45,10,248,8,Kair
2019-06-23,44,31,0.0,14.0,9,51,11:47 PM,10:30 AM,05:23 AM,07:24 PM,16,39,39,37,22,4,34,0.0,999,44,10,143,16,Kair
2019-06-24,40,29,0.0,12.2,8,43,No moonrise,11:23 AM,05:23 AM,07:25 PM,21,38,38,34,18,28,49,0.7,1001,40,10,109,14,Kair
2019-06-25,42,30,0.0,13.4,8,36,12:18 AM,12:15 PM,05:23 AM,07:25 PM,20,40,40,36,11,28,43,1.0,1000,42,10,167,8,Kair
2019-06-26,44,34,0.0,14.0,10,28,12:49 AM,01:08 PM,05:23 AM,07:25 PM,14,41,41,39,14,10,27,0.0,997,44,10,238,10,Kair
2019-06-27,45,36,0.0,14.0,10,21,01:21 AM,02:02 PM,05:24 AM,07:25 PM,10,40,40,40,19,3,17,0.0,994,45,10,303,14,Kair
2019-06-28,44,34,0.0,14.0,10,13,01:54 AM,02:58 PM,05:24 AM,07:25 PM,11,40,40,39,27,3,20,0.0,993,44,10,298,19,Kair
2019-06-29,45,35,0.0,14.0,10,6,02:29 AM,03:57 PM,05:24 AM,07:25 PM,11,41,41,40,22,1,19,0.0,993,45,10,295,15,Kair
2019-06-30,46,37,0.0,14.0,10,0,03:09 AM,04:58 PM,05:25 AM,07:25 PM,11,42,42,41,19,2,18,0.0,994,46,10,313,14,Kair
2019-07-01,46,36,0.0,14.0,10,0,03:54 AM,06:01 PM,05:25 AM,07:25 PM,12,42,42,41,13,4,19,0.0,994,46,10,285,10,Kair
2019-07-02,46,37,0.0,14.0,10,0,04:45 AM,07:04 PM,05:26 AM,07:25 PM,12,44,44,42,9,2,19,0.0,995,46,10,224,7,Kair
2019-07-03,44,35,0.0,14.0,10,2,05:44 AM,08:04 PM,05:26 AM,07:25 PM,17,42,42,40,16,12,28,0.0,995,44,10,161,12,Kair
2019-07-04,42,33,0.0,11.0,8,9,06:48 AM,09:00 PM,05:26 AM,07:25 PM,20,41,41,38,16,58,40,1.8,995,42,10,152,11,Kair
2019-07-05,42,33,0.0,14.0,9,16,07:56 AM,09:51 PM,05:27 AM,07:25 PM,20,41,41,37,17,26,40,0.0,993,42,10,174,12,Kair
2019-07-06,41,33,0.0,14.0,9,24,09:03 AM,10:35 PM,05:27 AM,07:25 PM,21,40,40,36,12,24,44,0.1,993,41,10,128,9,Kair
2019-07-07,40,29,0.0,12.2,8,31,10:10 AM,11:16 PM,05:28 AM,07:25 PM,22,39,39,34,13,55,50,4.2,994,40,10,138,9,Kair
2019-07-08,41,32,0.0,13.3,8,38,11:15 AM,11:54 PM,05:28 AM,07:25 PM,21,41,41,36,12,42,43,1.5,994,41,10,201,8,Kair
2019-07-09,41,30,0.0,14.0,8,45,12:18 PM,No moonset,05:29 AM,07:25 PM,23,40,40,35,14,52,52,2.0,994,41,10,166,11,Kair
2019-07-10,38,28,0.0,14.0,7,53,01:20 PM,12:31 AM,05:29 AM,07:24 PM,23,38,38,33,16,44,60,0.5,994,38,10,184,13,Kair
2019-07-11,41,28,0.0,13.9,8,60,02:20 PM,01:08 AM,05:30 AM,07:24 PM,22,39,39,35,20,40,54,7.3,994,41,9,191,15,Kair
2019-07-12,40,29,0.0,13.9,8,67,03:21 PM,01:46 AM,05:30 AM,07:24 PM,22,39,39,34,22,35,58,3.5,996,40,10,182,17,Kair
2019-07-13,39,30,0.0,13.9,8,74,04:21 PM,02:26 AM,05:31 AM,07:24 PM,22,40,40,35,15,22,51,0.0,997,39,10,203,11,Kair
2019-07-14,38,31,0.0,13.9,8,82,05:19 PM,03:10 AM,05:31 AM,07:23 PM,21,39,39,34,13,38,48,1.4,996,38,10,204,9,Kair
2019-07-15,36,27,0.0,8.7,7,89,06:14 PM,03:57 AM,05:32 AM,07:23 PM,23,37,37,32,16,68,64,21.7,996,36,8,165,10,Kair
2019-07-16,29,24,0.0,8.7,6,96,07:05 PM,04:47 AM,05:32 AM,07:23 PM,23,29,29,26,19,73,82,23.3,1000,29,8,103,12,Kair
2019-07-17,34,26,0.0,12.2,7,100,07:52 PM,05:40 AM,05:33 AM,07:22 PM,22,34,34,30,8,51,64,5.3,1000,34,10,207,5,Kair
2019-07-18,37,28,0.0,13.3,7,89,08:34 PM,06:34 AM,05:33 AM,07:22 PM,22,35,35,32,10,57,57,10.6,1000,37,9,152,6,Kair
2019-07-19,36,29,0.0,13.9,7,82,09:12 PM,07:29 AM,05:34 AM,07:21 PM,22,37,37,33,10,37,53,0.1,1000,36,10,133,7,Kair
2019-07-20,38,29,0.0,13.9,8,75,09:47 PM,08:22 AM,05:34 AM,07:21 PM,22,38,38,33,7,25,54,0.3,1001,38,10,140,5,Kair
2019-07-21,37,30,0.0,11.0,7,67,10:19 PM,09:15 AM,05:35 AM,07:21 PM,22,38,38,33,12,46,53,4.9,1000,37,10,119,8,Kair
2019-07-22,39,30,0.0,13.9,9,60,10:50 PM,10:07 AM,05:35 AM,07:20 PM,23,40,40,34,9,21,53,0.0,999,39,10,165,6,Kair
2019-07-23,40,33,0.0,13.8,9,53,11:21 PM,11:00 AM,05:36 AM,07:20 PM,22,41,41,36,8,23,45,0.0,998,40,10,211,6,Kair
2019-07-24,41,33,0.0,13.8,8,46,11:52 PM,11:52 AM,05:37 AM,07:19 PM,22,42,42,36,12,36,45,0.1,996,41,10,269,9,Kair
2019-07-25,34,27,0.0,11.0,7,38,No moonrise,12:46 PM,05:37 AM,07:19 PM,24,35,35,30,17,61,72,10.4,998,34,9,173,12,Kair
2019-07-26,32,26,0.0,8.6,6,31,12:25 AM,01:43 PM,05:38 AM,07:18 PM,25,34,34,29,14,80,81,57.1,998,32,9,98,9,Kair
2019-07-27,33,25,0.0,8.6,6,24,01:02 AM,02:41 PM,05:38 AM,07:17 PM,25,33,33,28,27,75,82,25.6,997,33,7,101,16,Kair
2019-07-28,35,27,0.0,11.0,7,16,01:44 AM,03:42 PM,05:39 AM,07:17 PM,24,36,36,31,26,55,68,5.5,999,35,10,107,19,Kair
2019-07-29,36,29,0.0,13.3,7,9,02:31 AM,04:45 PM,05:39 AM,07:16 PM,23,37,37,32,22,37,61,2.4,1000,36,10,107,16,Kair
2019-07-30,37,30,0.0,11.0,7,2,03:26 AM,05:47 PM,05:40 AM,07:15 PM,22,38,38,33,15,47,56,0.5,1000,37,10,131,11,Kair
2019-07-31,29,26,0.0,8.6,6,0,04:27 AM,06:45 PM,05:41 AM,07:15 PM,23,33,33,29,14,63,72,3.2,1000,29,10,168,10,Kair
2019-08-01,35,24,0.0,10.9,7,0,05:35 AM,07:40 PM,05:41 AM,07:14 PM,23,35,35,30,11,56,66,1.1,1000,35,9,97,8,Kair
2019-08-02,35,27,0.0,9.8,7,5,06:44 AM,08:28 PM,05:42 AM,07:13 PM,24,36,36,31,17,60,70,13.5,997,35,9,99,10,Kair
2019-08-03,35,27,0.0,13.7,7,12,07:54 AM,09:12 PM,05:42 AM,07:13 PM,24,37,37,31,18,40,69,1.8,997,35,10,93,12,Kair
2019-08-04,37,29,0.0,13.3,7,20,09:02 AM,09:52 PM,05:43 AM,07:12 PM,24,39,39,33,10,33,60,1.7,997,37,10,121,6,Kair
2019-08-05,37,30,0.0,13.7,8,27,10:07 AM,10:30 PM,05:44 AM,07:11 PM,24,40,40,33,10,32,58,0.0,995,37,10,129,7,Kair
2019-08-06,36,29,0.0,9.7,7,34,11:12 AM,11:08 PM,05:44 AM,07:10 PM,25,39,39,32,13,59,67,10.0,995,36,9,114,8,Kair
2019-08-07,36,29,0.0,12.1,7,42,12:14 PM,11:46 PM,05:45 AM,07:09 PM,24,38,38,32,9,48,65,7.4,995,36,9,106,6,Kair
2019-08-08,36,29,0.0,12.1,7,49,01:16 PM,No moonset,05:45 AM,07:09 PM,24,39,39,32,13,52,65,6.2,995,36,9,129,9,Kair
2019-08-09,35,26,0.0,12.1,7,56,02:15 PM,12:26 AM,05:46 AM,07:08 PM,24,36,36,30,27,58,68,10.2,998,35,10,94,18,Kair
2019-08-10,34,27,0.0,13.6,7,63,03:14 PM,01:09 AM,05:46 AM,07:07 PM,24,36,36,30,22,34,69,0.3,998,34,10,121,16,Kair
2019-08-11,36,28,0.0,13.3,7,71,04:09 PM,01:55 AM,05:47 AM,07:06 PM,24,38,38,32,12,41,65,0.2,999,36,10,138,8,Kair
2019-08-12,36,30,0.0,10.9,7,78,05:01 PM,02:43 AM,05:48 AM,07:05 PM,24,40,40,33,9,58,60,0.8,998,36,10,255,7,Kair
2019-08-13,37,31,0.0,13.6,7,85,05:49 PM,03:35 AM,05:48 AM,07:04 PM,24,40,40,33,10,35,60,0.1,998,37,10,234,7,Kair
2019-08-14,35,27,0.0,10.9,7,92,06:32 PM,04:28 AM,05:49 AM,07:03 PM,25,37,37,31,16,60,73,17.0,1000,35,8,112,9,Kair
2019-08-15,32,28,0.0,10.9,7,100,07:12 PM,05:23 AM,05:49 AM,07:02 PM,24,35,35,30,17,54,73,4.8,1001,32,9,95,11,Kair
2019-08-16,33,26,0.0,13.5,7,100,07:47 PM,06:16 AM,05:50 AM,07:01 PM,24,34,34,29,22,46,77,1.7,999,33,10,109,16,Kair
2019-08-17,29,25,0.0,8.4,6,86,08:20 PM,07:09 AM,05:50 AM,07:00 PM,24,30,30,27,23,77,85,6.8,999,29,10,107,16,Kair
2019-08-18,32,25,0.0,12.0,6,78,08:51 PM,08:02 AM,05:51 AM,06:59 PM,24,32,32,28,20,48,80,11.4,1001,32,9,206,13,Kair
2019-08-19,34,26,0.0,9.4,7,71,09:22 PM,08:54 AM,05:51 AM,06:58 PM,24,35,35,29,7,57,75,7.7,1003,34,9,106,5,Kair
2019-08-20,35,28,0.0,13.1,7,64,09:53 PM,09:46 AM,05:52 AM,06:57 PM,24,37,37,31,12,23,69,2.0,1002,35,10,286,9,Kair
2019-08-21,36,28,0.0,13.0,8,57,10:24 PM,10:39 AM,05:53 AM,06:56 PM,23,36,36,31,15,6,64,0.0,1000,36,10,271,10,Kair
2019-08-22,35,26,0.0,13.0,7,49,10:59 PM,11:34 AM,05:53 AM,06:55 PM,23,35,35,30,14,20,69,0.4,1001,35,10,86,10,Kair
2019-08-23,36,28,0.0,12.0,7,42,11:38 PM,12:29 PM,05:54 AM,06:54 PM,24,37,37,31,8,33,64,3.5,1001,36,10,172,6,Kair
2019-08-24,36,29,0.0,13.0,7,35,No moonrise,01:28 PM,05:54 AM,06:53 PM,24,37,37,32,11,26,65,0.1,1001,36,10,138,7,Kair
2019-08-25,33,27,0.0,10.7,7,28,12:21 AM,02:28 PM,05:55 AM,06:52 PM,24,34,34,29,16,62,75,5.9,1002,33,10,124,10,Kair
2019-08-26,35,27,0.0,13.0,7,20,01:11 AM,03:29 PM,05:55 AM,06:51 PM,24,36,36,31,11,50,70,1.1,1002,35,10,93,7,Kair
2019-08-27,36,28,0.0,12.9,7,13,02:08 AM,04:28 PM,05:56 AM,06:50 PM,24,38,38,32,9,43,66,1.7,1001,36,10,116,6,Kair
2019-08-28,37,30,0.0,11.9,7,6,03:12 AM,05:24 PM,05:56 AM,06:48 PM,25,40,40,33,8,35,63,0.2,1002,37,10,115,6,Kair
2019-08-29,36,29,0.0,12.9,7,0,04:19 AM,06:15 PM,05:57 AM,06:47 PM,25,39,39,32,12,40,68,0.5,1003,36,10,110,8,Kair
2019-08-30,37,30,0.0,12.9,7,0,05:30 AM,07:02 PM,05:57 AM,06:46 PM,25,39,39,33,10,26,64,0.1,1000,37,10,163,6,Kair
2019-08-31,36,30,0.0,11.9,7,0,06:40 AM,07:45 PM,05:58 AM,06:45 PM,25,40,40,32,10,37,66,0.5,998,36,10,186,7,Kair
2019-09-01,35,29,0.0,11.9,7,9,07:49 AM,08:24 PM,05:58 AM,06:44 PM,25,38,38,31,17,61,72,5.1,1000,35,9,107,11,Kair
2019-09-02,36,27,0.0,10.6,7,16,08:56 AM,09:04 PM,05:59 AM,06:43 PM,25,37,37,31,14,61,72,17.1,1001,36,9,115,8,Kair
2019-09-03,36,29,0.0,11.9,7,24,10:01 AM,09:43 PM,05:59 AM,06:41 PM,24,39,39,32,9,37,64,1.6,999,36,10,89,6,Kair
2019-09-04,36,29,0.0,11.8,7,32,11:05 AM,10:23 PM,06:00 AM,06:40 PM,24,38,38,32,13,40,64,0.7,999,36,10,97,9,Kair
2019-09-05,35,28,0.0,12.4,7,39,12:08 PM,11:06 PM,06:00 AM,06:39 PM,25,37,37,31,17,36,73,1.6,999,35,10,113,12,Kair
2019-09-06,35,27,0.0,7.5,7,47,01:08 PM,11:52 PM,06:01 AM,06:38 PM,24,36,36,31,13,59,69,6.6,1000,35,9,110,8,Kair
2019-09-07,36,28,0.0,10.2,7,54,02:05 PM,No moonset,06:01 AM,06:37 PM,24,37,37,31,13,32,67,0.2,999,36,10,102,9,Kair
2019-09-08,36,28,0.0,11.6,8,62,02:59 PM,12:40 AM,06:02 AM,06:35 PM,24,38,38,31,10,24,68,0.0,1000,36,10,96,7,Kair
2019-09-09,35,29,0.0,11.6,8,69,03:48 PM,01:31 AM,06:02 AM,06:34 PM,24,38,38,32,11,24,66,0.0,999,35,10,102,7,Kair
2019-09-10,38,29,0.0,11.6,8,77,04:32 PM,02:23 AM,06:03 AM,06:33 PM,25,40,40,33,10,3,63,0.0,999,38,10,166,8,Kair
2019-09-11,39,29,0.0,11.6,8,84,05:12 PM,03:18 AM,06:03 AM,06:32 PM,24,39,39,33,14,5,61,0.0,1000,39,10,102,9,Kair
2019-09-12,38,29,0.0,11.6,8,92,05:49 PM,04:11 AM,06:04 AM,06:31 PM,24,38,38,33,16,8,63,0.0,1001,38,10,117,11,Kair
2019-09-13,37,29,0.0,11.6,8,99,06:22 PM,05:05 AM,06:05 AM,06:29 PM,24,38,38,32,16,7,64,0.0,1002,37,10,110,11,Kair
2019-09-14,33,27,0.0,10.2,7,100,06:54 PM,05:57 AM,06:05 AM,06:28 PM,25,36,36,30,17,23,73,0.1,1004,33,10,126,13,Kair
2019-09-15,34,26,0.0,11.6,8,85,07:24 PM,06:49 AM,06:06 AM,06:27 PM,24,34,34,30,12,17,71,0.0,1004,34,10,126,9,Kair
2019-09-16,37,30,0.0,11.6,8,78,07:55 PM,07:42 AM,06:06 AM,06:26 PM,25,39,39,32,8,3,65,0.0,1001,37,10,228,6,Kair
2019-09-17,36,28,0.0,11.6,8,70,08:26 PM,08:34 AM,06:07 AM,06:24 PM,24,36,36,31,20,8,68,0.0,1003,36,10,120,14,Kair
2019-09-18,34,26,0.0,8.8,7,63,08:59 PM,09:29 AM,06:07 AM,06:23 PM,24,34,34,29,25,47,72,1.0,1006,34,10,116,18,Kair
2019-09-19,31,24,0.0,10.2,6,55,09:36 PM,10:23 AM,06:08 AM,06:22 PM,22,30,30,27,22,55,75,0.0,1010,31,10,120,17,Kair
2019-09-20,33,24,0.0,7.4,6,48,10:16 PM,11:21 AM,06:08 AM,06:21 PM,22,32,32,28,12,36,70,5.3,1008,33,9,106,8,Kair
2019-09-21,34,26,0.0,10.2,7,40,11:03 PM,12:18 PM,06:09 AM,06:20 PM,22,33,33,30,9,33,63,0.4,1007,34,10,107,6,Kair
2019-09-22,32,25,0.0,10.2,6,33,11:55 PM,01:18 PM,06:09 AM,06:18 PM,22,31,31,28,14,62,73,4.2,1008,32,9,136,9,Kair
2019-09-23,33,25,0.0,11.6,8,25,No moonrise,02:15 PM,06:10 AM,06:17 PM,22,32,32,29,10,25,70,1.6,1010,33,10,117,7,Kair
2019-09-24,34,26,0.0,11.6,8,18,12:54 AM,03:11 PM,06:10 AM,06:16 PM,21,33,33,30,8,28,62,0.0,1010,34,10,99,5,Kair
2019-09-25,33,26,0.0,7.4,7,10,01:58 AM,04:03 PM,06:11 AM,06:15 PM,22,32,32,29,12,51,64,0.0,1011,33,10,106,8,Kair
2019-09-26,32,26,0.0,8.8,6,2,03:06 AM,04:50 PM,06:11 AM,06:13 PM,23,32,32,29,18,39,71,3.7,1012,32,10,115,13,Kair
2019-09-27,30,24,0.0,10.2,6,0,04:15 AM,05:34 PM,06:12 AM,06:12 PM,22,30,30,27,17,43,76,0.0,1012,30,10,114,13,Kair
2019-09-28,30,23,0.0,7.4,6,0,05:24 AM,06:15 PM,06:12 AM,06:11 PM,22,29,29,26,21,70,79,3.5,1009,30,10,113,15,Kair
2019-09-29,27,23,0.0,7.4,6,0,06:32 AM,06:55 PM,06:13 AM,06:10 PM,21,27,27,24,24,81,81,0.8,1010,27,10,108,18,Kair
2019-09-30,28,22,0.0,7.4,6,5,07:41 AM,07:35 PM,06:13 AM,06:09 PM,21,27,27,25,14,70,79,0.1,1010,28,10,115,11,Kair
2019-10-01,31,23,0.0,11.6,7,12,08:47 AM,08:15 PM,06:14 AM,06:07 PM,21,29,29,26,14,28,76,0.1,1008,31,9,96,10,Kair
2019-10-02,33,24,0.0,11.6,7,19,09:53 AM,08:59 PM,06:14 AM,06:06 PM,22,31,31,28,11,5,71,0.0,1008,33,10,162,8,Kair
2019-10-03,34,24,0.0,11.6,8,27,10:56 AM,09:45 PM,06:15 AM,06:05 PM,21,31,31,29,10,13,64,0.7,1007,34,10,165,7,Kair
2019-10-04,33,24,0.0,11.6,7,34,11:57 AM,10:33 PM,06:16 AM,06:04 PM,19,30,30,28,12,31,61,1.3,1008,33,10,224,8,Kair
2019-10-05,33,24,0.0,11.6,7,41,12:53 PM,11:25 PM,06:16 AM,06:03 PM,19,30,30,28,11,10,58,0.0,1008,33,10,274,8,Kair
2019-10-06,33,23,0.0,10.2,6,48,01:45 PM,No moonset,06:17 AM,06:02 PM,15,29,29,28,13,17,47,0.0,1009,33,10,273,10,Kair
2019-10-07,33,24,0.0,11.6,7,56,02:31 PM,12:17 AM,06:17 AM,06:00 PM,15,28,28,27,14,11,48,0.0,1010,33,10,277,8,Kair
2019-10-08,33,24,0.0,8.7,7,63,03:12 PM,01:12 AM,06:18 AM,05:59 PM,15,29,29,28,13,4,46,0.0,1010,33,10,228,8,Kair
2019-10-09,34,24,0.0,8.7,8,70,03:50 PM,02:05 AM,06:18 AM,05:58 PM,16,29,29,29,10,3,49,0.0,1010,34,10,165,7,Kair
2019-10-10,33,26,0.0,8.7,8,77,04:24 PM,02:59 AM,06:19 AM,05:57 PM,16,29,29,29,9,2,47,0.0,1010,33,10,77,7,Kair
2019-10-11,35,26,0.0,8.7,8,85,04:56 PM,03:52 AM,06:20 AM,05:56 PM,16,30,30,30,6,1,44,0.0,1009,35,10,68,5,Kair
2019-10-12,33,24,0.0,8.7,7,92,05:27 PM,04:44 AM,06:20 AM,05:55 PM,15,29,29,28,9,5,48,0.0,1010,33,10,113,5,Kair
2019-10-13,34,24,0.0,8.7,8,99,05:57 PM,05:37 AM,06:21 AM,05:54 PM,15,29,29,28,10,4,46,0.0,1010,34,10,93,7,Kair
2019-10-14,33,24,0.0,8.7,7,100,06:28 PM,06:30 AM,06:21 AM,05:53 PM,15,28,28,28,12,12,50,0.0,1012,33,10,134,7,Kair
2019-10-15,35,23,0.0,8.7,8,86,07:01 PM,07:24 AM,06:22 AM,05:52 PM,17,30,30,29,13,1,52,0.0,1013,35,10,106,9,Kair
2019-10-16,34,25,0.0,8.7,7,79,07:36 PM,08:19 AM,06:23 AM,05:51 PM,17,29,29,28,13,1,52,0.0,1013,34,10,93,9,Kair
2019-10-17,33,24,0.0,8.7,7,72,08:15 PM,09:16 AM,06:23 AM,05:50 PM,16,29,29,28,16,4,51,0.0,1013,33,10,106,10,Kair
2019-10-18,32,24,0.0,8.7,7,64,09:00 PM,10:14 AM,06:24 AM,05:49 PM,15,28,28,27,18,9,50,0.0,1013,32,10,113,11,Kair
2019-10-19,33,23,0.0,8.7,7,57,09:49 PM,11:12 AM,06:25 AM,05:48 PM,15,28,28,27,13,6,49,0.0,1014,33,10,104,8,Kair
2019-10-20,32,24,0.0,8.7,7,50,10:45 PM,12:09 PM,06:25 AM,05:47 PM,13,28,28,28,9,1,41,0.0,1013,32,10,216,7,Kair
2019-10-21,32,25,0.0,8.7,7,43,11:45 PM,01:05 PM,06:26 AM,05:46 PM,10,27,27,28,10,0,33,0.0,1012,32,10,282,8,Kair
2019-10-22,32,23,0.0,8.7,7,35,No moonrise,01:56 PM,06:27 AM,05:45 PM,9,27,27,27,13,0,33,0.0,1009,32,10,274,10,Kair
2019-10-23,34,24,0.0,8.7,8,28,12:49 AM,02:43 PM,06:27 AM,05:44 PM,11,29,29,29,10,0,36,0.0,1008,34,10,143,7,Kair
2019-10-24,33,21,0.0,8.7,7,21,01:56 AM,03:27 PM,06:28 AM,05:43 PM,14,28,28,27,18,0,51,0.0,1009,33,10,107,12,Kair
2019-10-25,32,21,0.0,8.7,7,13,03:03 AM,04:07 PM,06:29 AM,05:42 PM,13,27,27,26,15,2,46,0.0,1011,32,10,105,10,Kair
2019-10-26,31,22,0.0,8.7,7,6,04:10 AM,04:47 PM,06:29 AM,05:41 PM,13,27,27,26,10,1,47,0.0,1013,31,10,165,8,Kair
2019-10-27,31,24,0.0,8.7,7,0,05:17 AM,05:26 PM,06:30 AM,05:40 PM,14,28,28,27,8,0,46,0.0,1012,31,10,199,6,Kair
2019-10-28,33,24,0.0,8.7,7,0,06:24 AM,06:06 PM,06:31 AM,05:39 PM,13,28,28,28,9,1,41,0.0,1012,33,10,198,6,Kair
2019-10-29,31,21,0.0,5.7,6,1,07:31 AM,06:48 PM,06:31 AM,05:38 PM,11,26,26,25,11,76,42,0.0,1012,31,10,164,7,Kair
2019-10-30,34,22,0.0,8.7,7,8,08:37 AM,07:33 PM,06:32 AM,05:37 PM,12,28,28,28,7,28,39,0.0,1011,34,10,165,5,Kair
2019-10-31,33,23,0.0,8.7,7,12,09:41 AM,08:22 PM,06:33 AM,05:37 PM,11,28,28,28,8,2,37,0.0,1011,33,10,207,6,Kair
2019-11-01,32,22,0.0,8.7,7,24,10:41 AM,09:14 PM,06:34 AM,05:36 PM,10,27,27,27,10,15,35,0.0,1010,32,10,158,6,Kair
2019-11-02,32,23,0.0,8.7,7,31,11:37 AM,10:07 PM,06:34 AM,05:35 PM,9,26,26,27,10,17,34,0.0,1011,32,10,213,6,Kair
2019-11-03,32,23,0.0,8.7,6,39,12:26 PM,11:03 PM,06:35 AM,05:34 PM,11,27,27,27,9,19,38,0.1,1012,32,10,289,6,Kair
2019-11-04,31,23,0.0,8.7,7,46,01:10 PM,11:57 PM,06:36 AM,05:33 PM,11,27,27,27,15,8,39,0.3,1012,31,10,313,10,Kair
2019-11-05,31,22,0.0,8.7,7,54,01:50 PM,No moonset,06:37 AM,05:33 PM,8,26,26,26,17,1,33,0.0,1010,31,10,256,12,Kair
2019-11-06,32,23,0.0,8.7,7,61,02:25 PM,12:52 AM,06:37 AM,05:32 PM,8,26,26,27,8,3,32,0.0,1008,32,10,169,5,Kair
2019-11-07,30,21,0.0,8.7,7,69,02:57 PM,01:45 AM,06:38 AM,05:31 PM,9,25,25,24,23,27,40,0.2,1009,30,10,124,14,Kair
2019-11-08,30,17,0.0,8.7,7,76,03:29 PM,02:37 AM,06:39 AM,05:31 PM,11,24,24,24,13,23,46,0.0,1012,30,10,127,8,Kair
2019-11-09,30,20,0.0,8.7,7,84,03:59 PM,03:30 AM,06:40 AM,05:30 PM,8,24,24,25,19,2,36,0.0,1013,30,10,325,12,Kair
2019-11-10,29,21,0.0,8.7,6,91,04:29 PM,04:23 AM,06:41 AM,05:29 PM,5,24,24,24,17,13,29,0.0,1013,29,10,313,10,Kair
2019-11-11,28,18,0.0,8.7,6,99,05:01 PM,05:17 AM,06:41 AM,05:29 PM,3,22,22,22,14,40,29,0.0,1012,28,10,303,8,Kair
2019-11-12,29,19,0.0,8.7,6,100,05:36 PM,06:12 AM,06:42 AM,05:28 PM,5,23,23,23,13,11,32,0.0,1013,29,10,264,8,Kair
2019-11-13,28,18,0.0,5.6,5,86,06:14 PM,07:09 AM,06:43 AM,05:28 PM,4,22,22,23,13,44,31,0.0,1015,28,10,265,8,Kair
2019-11-14,28,21,0.0,8.7,7,78,06:57 PM,08:08 AM,06:44 AM,05:27 PM,6,24,24,24,12,25,32,0.0,1016,28,10,291,8,Kair
2019-11-15,29,20,0.0,8.7,6,71,07:46 PM,09:07 AM,06:45 AM,05:27 PM,9,24,24,23,18,20,42,0.0,1014,29,10,285,11,Kair
2019-11-16,28,19,0.0,8.7,6,63,08:40 PM,10:06 AM,06:45 AM,05:26 PM,11,23,23,23,19,5,48,0.0,1014,28,10,318,13,Kair
2019-11-17,29,20,0.0,8.7,6,56,09:39 PM,11:02 AM,06:46 AM,05:26 PM,8,24,24,24,29,14,39,0.0,1013,29,10,308,18,Kair
2019-11-18,27,19,0.0,5.6,5,48,10:41 PM,11:54 AM,06:47 AM,05:25 PM,7,22,22,22,21,50,37,0.0,1013,27,10,287,13,Kair
2019-11-19,29,20,0.0,8.7,6,41,11:46 PM,12:42 PM,06:48 AM,05:25 PM,6,25,25,24,9,13,34,0.0,1013,29,10,256,7,Kair
2019-11-20,26,17,0.0,7.1,5,33,No moonrise,01:25 PM,06:49 AM,05:25 PM,4,21,21,21,8,33,33,0.0,1014,26,10,106,5,Kair
2019-11-21,27,19,0.0,8.7,6,26,12:51 AM,02:05 PM,06:49 AM,05:24 PM,5,22,22,22,8,6,35,0.0,1016,27,10,173,5,Kair
2019-11-22,27,18,0.0,8.7,5,18,01:55 AM,02:43 PM,06:50 AM,05:24 PM,4,21,21,22,14,22,33,0.0,1016,27,10,241,8,Kair
2019-11-23,27,19,0.0,8.7,6,10,03:00 AM,03:21 PM,06:51 AM,05:24 PM,8,22,22,22,21,23,40,0.0,1015,27,10,310,14,Kair
2019-11-24,28,19,0.0,8.7,6,3,04:05 AM,03:59 PM,06:52 AM,05:23 PM,9,23,23,23,23,10,42,0.0,1014,28,10,325,14,Kair
2019-11-25,27,19,0.0,8.7,6,0,05:11 AM,04:38 PM,06:53 AM,05:23 PM,6,22,22,22,12,9,36,0.0,1015,27,10,241,7,Kair
2019-11-26,27,18,0.0,4.0,5,0,06:16 AM,05:22 PM,06:54 AM,05:23 PM,9,21,21,21,10,58,47,3.7,1016,27,10,160,6,Kair
2019-11-27,25,18,0.0,7.1,5,0,07:22 AM,06:09 PM,06:54 AM,05:23 PM,11,21,21,21,11,56,55,2.1,1016,25,9,147,7,Kair
2019-11-28,25,17,0.0,8.7,5,4,08:24 AM,07:00 PM,06:55 AM,05:23 PM,12,21,21,21,13,51,59,1.1,1017,25,10,155,8,Kair
2019-11-29,25,18,0.0,8.7,6,12,09:24 AM,07:54 PM,06:56 AM,05:23 PM,10,21,21,21,15,17,52,0.3,1015,25,10,336,9,Kair
2019-11-30,26,18,0.0,8.7,6,20,10:17 AM,08:49 PM,06:57 AM,05:23 PM,12,22,22,21,12,9,55,0.0,1015,26,10,179,7,Kair
2019-12-01,25,19,0.0,8.7,6,26,11:05 AM,09:46 PM,06:58 AM,05:22 PM,10,22,22,22,11,1,49,0.0,1015,25,10,286,8,Kair
2019-12-02,23,17,0.0,8.7,6,33,11:47 AM,10:41 PM,06:58 AM,05:22 PM,6,20,20,20,12,0,40,0.0,1015,23,10,303,9,Kair
2019-12-03,24,16,0.0,8.7,6,41,12:23 PM,11:36 PM,06:59 AM,05:22 PM,4,20,20,20,12,0,37,0.0,1016,24,10,302,9,Kair
2019-12-04,25,17,0.0,8.7,6,48,12:57 PM,No moonset,07:00 AM,05:22 PM,3,20,20,20,6,0,31,0.0,1018,25,10,303,5,Kair
2019-12-05,25,17,0.0,8.7,6,55,01:29 PM,12:28 AM,07:01 AM,05:23 PM,5,21,21,21,5,0,38,0.0,1019,25,10,224,4,Kair
2019-12-06,26,17,0.0,8.7,6,62,01:59 PM,01:21 AM,07:02 AM,05:23 PM,7,21,21,21,6,0,42,0.0,1019,26,10,271,5,Kair
2019-12-07,26,18,0.0,8.7,6,70,02:29 PM,02:13 AM,07:02 AM,05:23 PM,8,22,22,21,7,0,42,0.0,1018,26,10,295,5,Kair
2019-12-08,25,18,0.0,8.7,6,77,03:00 PM,03:06 AM,07:03 AM,05:23 PM,8,22,22,21,6,0,41,0.0,1018,25,10,246,5,Kair
2019-12-09,24,15,0.0,8.7,6,84,03:34 PM,04:01 AM,07:04 AM,05:23 PM,3,20,20,20,9,6,35,0.0,1017,24,10,278,6,Kair
2019-12-10,24,15,0.0,8.7,6,92,04:10 PM,04:57 AM,07:04 AM,05:23 PM,2,19,20,19,9,8,32,0.0,1014,24,10,295,7,Kair
2019-12-11,23,15,0.0,8.7,5,99,04:51 PM,05:56 AM,07:05 AM,05:23 PM,1,19,19,19,6,19,31,0.0,1013,23,10,127,3,Kair
2019-12-12,19,16,0.0,5.4,4,100,05:39 PM,06:56 AM,07:06 AM,05:24 PM,5,17,17,17,21,66,44,0.6,1014,19,10,90,13,Kair
2019-12-13,18,11,0.0,5.4,4,87,06:32 PM,07:57 AM,07:07 AM,05:24 PM,12,14,15,14,22,78,81,6.9,1014,18,10,120,15,Kair
2019-12-14,17,12,0.0,3.8,3,79,07:31 PM,08:56 AM,07:07 AM,05:24 PM,11,14,14,14,12,74,83,0.0,1019,17,9,177,8,Kair
2019-12-15,21,12,0.0,8.7,5,72,08:34 PM,09:51 AM,07:08 AM,05:25 PM,10,16,17,16,10,28,67,0.0,1018,21,10,304,7,Kair
2019-12-16,20,14,0.0,8.7,5,65,09:39 PM,10:41 AM,07:08 AM,05:25 PM,8,17,17,17,11,0,57,0.0,1017,20,10,312,9,Kair
2019-12-17,20,12,0.0,8.7,5,58,10:44 PM,11:26 AM,07:09 AM,05:25 PM,6,16,16,16,13,1,53,0.0,1018,20,10,308,10,Kair
2019-12-18,19,12,0.0,8.7,5,50,11:49 PM,12:07 PM,07:10 AM,05:26 PM,3,15,15,15,14,4,45,0.0,1018,19,10,296,10,Kair
2019-12-19,20,12,0.0,8.7,4,43,No moonrise,12:44 PM,07:10 AM,05:26 PM,1,15,16,15,10,16,38,0.0,1016,20,10,312,6,Kair
2019-12-20,20,12,0.0,8.7,4,36,12:52 AM,01:21 PM,07:11 AM,05:27 PM,1,16,15,16,8,42,38,0.0,1015,20,10,321,5,Kair
2019-12-21,22,15,0.0,8.7,5,28,01:55 AM,01:57 PM,07:11 AM,05:27 PM,5,18,18,18,10,27,43,0.0,1016,22,10,268,7,Kair
2019-12-22,21,13,0.0,8.7,5,21,02:58 AM,02:35 PM,07:12 AM,05:28 PM,7,17,17,17,15,2,55,0.0,1017,21,10,314,11,Kair
2019-12-23,20,12,0.0,8.7,4,14,04:02 AM,03:16 PM,07:12 AM,05:28 PM,4,15,15,15,14,17,49,0.0,1016,20,10,301,9,Kair
2019-12-24,22,10,0.0,8.7,5,7,05:06 AM,04:00 PM,07:13 AM,05:29 PM,5,17,17,17,6,0,44,0.0,1017,22,10,175,4,Kair
2019-12-25,20,12,0.0,8.7,5,0,06:08 AM,04:48 PM,07:13 AM,05:29 PM,5,15,16,15,12,0,50,0.0,1016,20,10,307,9,Kair
2019-12-26,19,11,0.0,8.7,5,0,07:09 AM,05:41 PM,07:14 AM,05:30 PM,3,15,15,15,12,0,46,0.0,1015,19,10,303,9,Kair
2019-12-27,20,11,0.0,8.7,5,0,08:05 AM,06:35 PM,07:14 AM,05:30 PM,2,15,15,15,9,0,43,0.0,1016,20,10,311,7,Kair
2019-12-28,20,11,0.0,8.7,5,8,08:56 AM,07:33 PM,07:14 AM,05:31 PM,2,15,15,15,7,0,43,0.0,1018,20,10,313,5,Kair
2019-12-29,18,11,0.0,8.7,5,15,09:41 AM,08:29 PM,07:15 AM,05:32 PM,1,14,15,14,5,3,42,0.0,1018,18,10,218,3,Kair
2019-12-30,19,9,0.0,8.7,5,22,10:20 AM,09:25 PM,07:15 AM,05:32 PM,3,14,14,14,8,4,46,0.0,1017,19,10,102,6,Kair
2019-12-31,17,8,0.0,7.1,3,26,10:56 AM,10:18 PM,07:15 AM,05:33 PM,1,12,13,12,13,25,44,0.0,1018,17,10,118,9,Kair
2020-01-01,18,7,0.0,7.1,3,37,11:29 AM,11:11 PM,07:16 AM,05:34 PM,0,12,13,12,13,33,42,0.0,1020,18,10,92,8,Kair
2020-01-02,20,11,0.0,8.7,5,44,11:59 AM,No moonset,07:16 AM,05:34 PM,4,15,15,15,12,14,48,0.0,1020,20,10,71,7,Kair
2020-01-03,21,12,0.0,8.7,5,51,12:28 PM,12:03 AM,07:16 AM,05:35 PM,6,16,16,16,15,11,53,0.0,1018,21,10,306,9,Kair
2020-01-04,20,13,0.0,8.7,5,59,12:59 PM,12:55 AM,07:16 AM,05:36 PM,8,16,16,16,8,5,61,0.0,1016,20,10,183,5,Kair
2020-01-05,19,11,0.0,8.7,5,66,01:31 PM,01:49 AM,07:17 AM,05:37 PM,5,14,15,14,17,15,54,0.0,1016,19,10,312,10,Kair
2020-01-06,17,8,0.0,5.5,3,73,02:05 PM,02:43 AM,07:17 AM,05:37 PM,3,12,13,12,16,63,50,0.0,1019,17,10,221,10,Kair
2020-01-07,17,12,0.0,3.8,3,80,02:43 PM,03:41 AM,07:17 AM,05:38 PM,10,13,14,13,21,66,77,1.3,1017,17,9,60,14,Kair
2020-01-08,14,11,0.0,3.8,3,88,03:28 PM,04:39 AM,07:17 AM,05:39 PM,11,12,13,12,17,74,89,14.9,1014,14,9,97,11,Kair
2020-01-09,17,6,0.0,8.7,4,95,04:18 PM,05:41 AM,07:17 AM,05:40 PM,8,11,12,11,14,3,76,0.0,1017,17,9,314,11,Kair
2020-01-10,17,8,0.0,8.7,4,100,05:16 PM,06:41 AM,07:17 AM,05:40 PM,5,10,12,10,18,6,65,0.0,1019,17,10,315,12,Kair
2020-01-11,16,7,0.0,8.7,4,100,06:19 PM,07:40 AM,07:17 AM,05:41 PM,3,10,11,10,18,24,59,0.0,1018,16,10,307,11,Kair
2020-01-12,20,9,0.0,8.7,5,83,07:26 PM,08:33 AM,07:17 AM,05:42 PM,4,13,14,13,15,18,52,0.0,1016,20,10,291,9,Kair
2020-01-13,20,13,0.0,7.1,4,76,08:33 PM,09:22 AM,07:17 AM,05:43 PM,9,15,16,15,15,34,67,5.7,1011,20,10,174,9,Kair
2020-01-14,19,11,0.0,8.7,5,69,09:40 PM,10:05 AM,07:17 AM,05:44 PM,11,14,14,14,15,21,84,0.0,1016,19,7,324,10,Kair
2020-01-15,21,10,0.0,8.7,5,61,10:45 PM,10:45 AM,07:17 AM,05:44 PM,11,14,15,14,14,10,78,0.0,1015,21,10,309,9,Kair
2020-01-16,14,12,0.0,3.9,3,54,11:49 PM,11:23 AM,07:17 AM,05:45 PM,10,12,13,12,13,77,87,30.6,1014,14,8,151,8,Kair
2020-01-17,17,12,0.0,5.5,3,47,No moonrise,11:59 AM,07:17 AM,05:46 PM,12,14,14,14,13,66,89,5.0,1016,17,8,66,9,Kair
2020-01-18,18,12,0.0,7.1,4,40,12:52 AM,12:36 PM,07:16 AM,05:47 PM,11,15,15,15,6,33,81,0.5,1018,18,9,167,5,Kair
2020-01-19,19,12,0.0,8.7,5,32,01:55 AM,01:15 PM,07:16 AM,05:48 PM,11,14,14,14,13,3,80,0.0,1017,19,10,315,9,Kair
2020-01-20,18,9,0.0,8.7,3,25,02:57 AM,01:57 PM,07:16 AM,05:49 PM,7,12,13,12,13,27,70,0.0,1017,18,10,290,8,Kair
2020-01-21,19,13,0.0,8.7,5,18,03:59 AM,02:42 PM,07:16 AM,05:49 PM,8,15,15,15,8,9,64,0.0,1018,19,10,102,6,Kair
2020-01-22,19,11,0.0,8.7,5,11,04:59 AM,03:32 PM,07:15 AM,05:50 PM,8,14,14,14,18,9,65,0.0,1019,19,10,296,11,Kair
2020-01-23,17,9,0.0,8.7,4,3,05:56 AM,04:25 PM,07:15 AM,05:51 PM,5,11,12,11,28,0,63,0.0,1017,17,10,301,18,Kair
2020-01-24,18,8,0.0,8.7,4,0,06:48 AM,05:22 PM,07:15 AM,05:52 PM,4,11,12,11,24,0,58,0.0,1015,18,10,297,15,Kair
2020-01-25,19,10,0.0,8.7,5,0,07:35 AM,06:18 PM,07:14 AM,05:53 PM,5,14,14,14,12,3,58,0.0,1015,19,10,299,8,Kair
2020-01-26,20,10,0.0,8.7,5,4,08:17 AM,07:14 PM,07:14 AM,05:54 PM,7,15,15,15,13,4,62,0.0,1013,20,10,308,9,Kair
2020-01-27,20,11,0.0,7.1,4,11,08:54 AM,08:09 PM,07:14 AM,05:55 PM,8,15,16,15,13,36,62,0.0,1011,20,10,184,7,Kair
2020-01-28,17,10,0.0,5.5,3,18,09:28 AM,09:02 PM,07:13 AM,05:55 PM,11,13,14,13,18,73,82,3.7,1010,17,10,109,12,Kair
2020-01-29,18,12,0.0,5.5,4,26,09:59 AM,09:55 PM,07:13 AM,05:56 PM,12,14,14,14,13,47,87,3.7,1014,18,8,203,9,Kair
2020-01-30,18,10,0.0,8.7,4,33,10:28 AM,10:46 PM,07:12 AM,05:57 PM,8,13,14,13,19,2,70,0.0,1016,18,10,312,13,Kair
2020-01-31,19,10,0.0,8.7,5,37,10:58 AM,11:39 PM,07:12 AM,05:58 PM,7,13,14,13,14,1,66,0.0,1013,19,10,252,9,Kair
2020-02-01,18,9,0.0,8.7,5,49,11:29 AM,No moonset,07:11 AM,05:59 PM,7,14,14,14,12,3,64,0.0,1016,18,10,289,8,Kair
2020-02-02,19,10,0.0,10.9,5,57,12:01 PM,12:32 AM,07:11 AM,06:00 PM,8,13,14,13,15,0,71,0.0,1018,19,10,308,11,Kair
2020-02-03,20,10,0.0,10.9,5,64,12:37 PM,01:27 AM,07:10 AM,06:00 PM,8,14,14,14,12,0,67,0.0,1017,20,10,297,9,Kair
2020-02-04,20,12,0.0,10.1,4,72,01:18 PM,02:23 AM,07:09 AM,06:01 PM,7,14,15,14,11,14,61,0.0,1016,20,10,166,7,Kair
2020-02-05,19,10,0.0,10.9,5,79,02:04 PM,03:23 AM,07:09 AM,06:02 PM,6,14,14,14,18,9,61,0.0,1015,19,10,247,12,Kair
2020-02-06,20,10,0.0,11.0,5,87,02:57 PM,04:22 AM,07:08 AM,06:03 PM,7,14,15,14,13,1,63,0.0,1014,20,10,258,9,Kair
2020-02-07,19,10,0.0,11.0,5,95,03:58 PM,05:22 AM,07:07 AM,06:04 PM,6,14,14,14,11,7,59,0.0,1017,19,10,197,6,Kair
2020-02-08,20,10,0.0,11.0,5,100,05:04 PM,06:18 AM,07:07 AM,06:04 PM,9,14,15,14,14,0,68,0.0,1019,20,10,316,10,Kair
2020-02-09,21,11,0.0,11.0,5,100,06:12 PM,07:10 AM,07:06 AM,06:05 PM,8,15,15,15,12,0,63,0.0,1020,21,10,311,8,Kair
2020-02-10,21,10,0.0,11.0,5,83,07:22 PM,07:57 AM,07:05 AM,06:06 PM,7,15,15,15,12,4,60,0.0,1018,21,10,310,9,Kair
2020-02-11,22,10,0.0,11.0,5,75,08:30 PM,08:40 AM,07:04 AM,06:07 PM,7,15,16,15,13,6,60,0.0,1018,22,10,309,9,Kair
2020-02-12,23,11,0.0,11.0,5,68,09:37 PM,09:20 AM,07:04 AM,06:08 PM,8,16,17,16,23,0,60,0.0,1017,23,10,298,15,Kair
2020-02-13,26,15,0.0,11.1,6,60,10:43 PM,09:58 AM,07:03 AM,06:08 PM,10,19,20,19,32,2,55,0.0,1014,26,10,299,19,Kair
2020-02-14,23,15,0.0,11.1,5,53,11:48 PM,10:36 AM,07:02 AM,06:09 PM,8,18,18,18,34,0,54,0.0,1010,23,10,301,20,Kair
2020-02-15,24,12,0.0,11.1,5,45,No moonrise,11:15 AM,07:01 AM,06:10 PM,6,17,18,17,27,0,50,0.0,1011,24,10,296,16,Kair
2020-02-16,25,14,0.0,11.1,6,38,12:51 AM,11:56 AM,07:00 AM,06:11 PM,7,19,19,19,15,0,47,0.0,1014,25,10,313,10,Kair
2020-02-17,24,15,0.0,11.5,6,30,01:54 AM,12:40 PM,06:59 AM,06:11 PM,6,19,19,19,16,1,44,0.0,1015,24,10,307,10,Kair
2020-02-18,24,13,0.0,11.5,5,22,02:54 AM,01:29 PM,06:58 AM,06:12 PM,5,18,18,18,18,2,43,0.0,1014,24,10,304,11,Kair
2020-02-19,24,14,0.0,11.6,5,15,03:52 AM,02:20 PM,06:58 AM,06:13 PM,5,18,19,18,18,10,42,0.0,1013,24,10,137,11,Kair
2020-02-20,27,14,0.0,10.1,5,7,04:44 AM,03:15 PM,06:57 AM,06:14 PM,8,19,20,19,29,40,49,0.0,1012,27,10,116,17,Kair
2020-02-21,24,14,0.0,8.7,4,0,05:33 AM,04:11 PM,06:56 AM,06:14 PM,11,18,19,18,29,51,65,11.3,1014,24,9,63,17,Kair
2020-02-22,26,15,0.0,11.6,6,0,06:15 AM,05:07 PM,06:55 AM,06:15 PM,10,20,20,20,13,18,55,0.0,1018,26,10,156,7,Kair
2020-02-23,27,16,0.0,11.6,5,0,06:53 AM,06:02 PM,06:54 AM,06:16 PM,11,20,20,20,12,16,57,0.1,1016,27,10,320,7,Kair
2020-02-24,27,17,0.0,11.6,6,0,07:28 AM,06:55 PM,06:53 AM,06:16 PM,11,23,23,22,13,1,55,0.0,1013,27,10,257,9,Kair
2020-02-25,27,15,0.0,11.6,6,8,08:00 AM,07:48 PM,06:52 AM,06:17 PM,9,20,20,20,16,5,50,0.0,1012,27,10,330,10,Kair
2020-02-26,27,16,0.0,11.6,6,15,08:30 AM,08:40 PM,06:51 AM,06:18 PM,8,21,21,21,13,8,45,0.0,1012,27,10,140,7,Kair
2020-02-27,28,16,0.0,11.6,6,23,08:59 AM,09:32 PM,06:50 AM,06:19 PM,9,22,22,22,10,4,48,0.0,1012,28,10,212,6,Kair
2020-02-28,30,16,0.0,11.6,6,30,09:29 AM,10:24 PM,06:49 AM,06:19 PM,9,23,23,23,13,12,45,0.1,1011,30,10,114,8,Kair
2020-02-29,29,16,0.0,11.6,5,38,10:00 AM,11:18 PM,06:48 AM,06:20 PM,12,22,22,22,24,38,59,1.4,1011,29,10,129,14,Kair
2020-03-01,27,12,0.0,11.6,6,44,10:34 AM,No moonset,06:46 AM,06:21 PM,14,20,20,20,12,12,71,8.1,1012,27,10,120,7,Kair
2020-03-02,28,17,0.0,11.6,6,51,11:12 AM,12:13 AM,06:45 AM,06:21 PM,13,22,22,22,12,14,60,1.8,1011,28,10,287,7,Kair
2020-03-03,28,17,0.0,11.6,6,58,11:54 AM,01:10 AM,06:44 AM,06:22 PM,9,23,23,23,11,7,44,0.0,1010,28,10,240,7,Kair
2020-03-04,29,19,0.0,11.6,7,65,12:43 PM,02:08 AM,06:43 AM,06:23 PM,8,24,24,24,9,7,42,0.0,1009,29,10,114,6,Kair
2020-03-05,28,16,0.0,8.8,5,73,01:39 PM,03:06 AM,06:42 AM,06:23 PM,9,23,23,22,17,62,52,3.2,1010,28,10,119,10,Kair
2020-03-06,19,14,0.0,5.9,4,80,02:40 PM,04:02 AM,06:41 AM,06:24 PM,13,16,17,16,31,83,83,16.6,1010,19,9,71,18,Kair
2020-03-07,19,14,0.0,7.3,4,87,03:47 PM,04:55 AM,06:40 AM,06:24 PM,13,16,16,16,21,62,85,6.4,1013,19,10,96,14,Kair
2020-03-08,25,15,0.0,11.6,6,95,04:56 PM,05:45 AM,06:39 AM,06:25 PM,13,20,20,20,12,5,67,0.0,1014,25,10,194,8,Kair
2020-03-09,25,15,0.0,11.6,6,100,06:06 PM,06:29 AM,06:38 AM,06:26 PM,10,19,20,19,22,0,56,0.0,1010,25,10,307,15,Kair
2020-03-10,25,14,0.0,11.6,6,100,07:16 PM,07:11 AM,06:36 AM,06:26 PM,7,19,19,19,13,4,48,0.0,1011,25,10,305,8,Kair
2020-03-11,25,17,0.0,8.8,5,84,08:24 PM,07:51 AM,06:35 AM,06:27 PM,10,20,21,20,21,62,55,1.9,1010,25,8,112,13,Kair
2020-03-12,27,15,0.0,11.6,5,76,09:32 PM,08:30 AM,06:34 AM,06:28 PM,13,20,20,20,29,45,68,6.6,1010,27,9,113,18,Kair
2020-03-13,25,15,0.0,10.2,5,69,10:38 PM,09:10 AM,06:33 AM,06:28 PM,13,20,21,20,25,47,70,2.1,1013,25,10,118,15,Kair
2020-03-14,23,14,0.0,8.8,4,62,11:45 PM,09:52 AM,06:32 AM,06:29 PM,14,19,21,19,14,59,79,5.2,1014,23,10,138,10,Kair
2020-03-15,25,14,0.0,11.6,6,55,No moonrise,10:36 AM,06:31 AM,06:29 PM,11,19,19,19,14,6,64,0.0,1014,25,10,291,9,Kair
2020-03-16,25,14,0.0,11.6,6,47,12:48 AM,11:25 AM,06:29 AM,06:30 PM,11,19,20,19,18,36,60,0.0,1014,25,10,315,12,Kair
2020-03-17,27,16,0.0,11.6,6,40,01:48 AM,12:16 PM,06:28 AM,06:31 PM,12,22,22,21,17,1,59,0.0,1014,27,10,310,12,Kair
2020-03-18,28,18,0.0,11.6,6,33,02:42 AM,01:11 PM,06:27 AM,06:31 PM,11,23,23,23,17,2,50,0.0,1013,28,10,314,12,Kair
2020-03-19,30,19,0.0,11.6,7,25,03:32 AM,02:06 PM,06:26 AM,06:32 PM,11,24,24,24,14,4,45,0.0,1010,30,10,267,9,Kair
2020-03-20,31,19,0.0,11.6,7,18,04:15 AM,03:02 PM,06:25 AM,06:32 PM,11,26,26,25,12,13,43,0.0,1009,31,10,110,7,Kair
2020-03-21,33,20,0.0,11.6,6,11,04:54 AM,03:57 PM,06:24 AM,06:33 PM,9,27,27,26,14,38,37,0.3,1009,33,10,118,9,Kair
2020-03-22,32,19,0.0,11.6,7,4,05:30 AM,04:50 PM,06:22 AM,06:34 PM,10,26,26,26,15,14,43,0.3,1010,32,10,238,10,Kair
2020-03-23,31,21,0.0,11.6,7,0,06:02 AM,05:44 PM,06:21 AM,06:34 PM,9,25,25,25,16,29,38,0.0,1011,31,10,238,9,Kair
2020-03-24,32,21,0.0,11.6,6,0,06:32 AM,06:35 PM,06:20 AM,06:35 PM,9,27,27,26,13,33,35,0.0,1009,32,10,285,8,Kair
2020-03-25,32,21,0.0,11.6,7,3,07:02 AM,07:28 PM,06:19 AM,06:35 PM,11,27,27,27,19,9,41,0.0,1009,32,10,318,13,Kair
2020-03-26,33,21,0.0,11.6,7,11,07:31 AM,08:20 PM,06:18 AM,06:36 PM,9,27,27,27,20,38,35,0.0,1010,33,10,301,13,Kair
2020-03-27,25,20,0.0,6.1,5,18,08:02 AM,09:13 PM,06:16 AM,06:37 PM,13,24,24,23,18,67,58,4.1,1013,25,9,186,12,Kair
2020-03-28,30,17,0.0,11.6,7,25,08:34 AM,10:07 PM,06:15 AM,06:37 PM,13,23,23,23,16,14,57,1.7,1013,30,10,234,11,Kair
2020-03-29,30,20,0.0,11.6,7,32,09:10 AM,11:03 PM,06:14 AM,06:38 PM,8,24,24,24,29,2,39,0.0,1010,30,10,317,19,Kair
2020-03-30,30,19,0.0,11.6,7,40,09:50 AM,12:00 AM,06:13 AM,06:38 PM,6,24,24,24,24,8,33,0.0,1011,30,10,318,16,Kair
2020-03-31,33,18,0.0,11.6,7,44,10:35 AM,No moonset,06:12 AM,06:39 PM,8,26,26,26,20,13,36,0.0,1010,33,10,303,13,Kair
2020-04-01,33,21,0.0,11.6,7,56,11:27 AM,12:56 AM,06:11 AM,06:40 PM,7,27,27,27,25,5,32,0.0,1010,33,10,208,16,Kair
2020-04-02,32,21,0.0,11.6,7,64,12:24 PM,01:52 AM,06:09 AM,06:40 PM,7,27,27,27,25,3,30,0.0,1008,32,10,315,17,Kair
2020-04-03,33,20,0.0,11.6,7,71,01:27 PM,02:44 AM,06:08 AM,06:41 PM,3,27,27,27,20,6,25,0.0,1010,33,10,312,13,Kair
2020-04-04,34,21,0.0,11.6,7,79,02:33 PM,03:34 AM,06:07 AM,06:41 PM,3,28,28,27,22,2,24,0.0,1010,34,10,319,15,Kair
2020-04-05,35,22,0.0,11.6,8,87,03:41 PM,04:19 AM,06:06 AM,06:42 PM,4,29,29,29,17,12,24,0.0,1010,35,10,310,11,Kair
2020-04-06,36,24,0.0,11.6,8,94,04:50 PM,05:01 AM,06:05 AM,06:42 PM,6,30,30,30,18,2,25,0.0,1009,36,10,209,13,Kair
2020-04-07,39,26,0.0,11.6,7,100,05:59 PM,05:42 AM,06:04 AM,06:43 PM,3,32,32,32,20,37,20,0.5,1005,39,10,160,13,Kair
2020-04-08,35,24,0.0,11.6,8,100,07:08 PM,06:20 AM,06:03 AM,06:44 PM,5,29,29,29,18,24,24,0.2,1007,35,10,252,13,Kair
2020-04-09,35,23,0.0,11.6,8,83,08:17 PM,07:00 AM,06:01 AM,06:44 PM,5,30,30,29,18,5,24,0.0,1008,35,10,309,12,Kair
2020-04-10,38,24,0.0,12.5,8,76,09:26 PM,07:42 AM,06:00 AM,06:45 PM,4,30,30,31,18,14,19,0.0,1009,38,10,303,12,Kair
2020-04-11,39,28,0.0,12.9,9,68,10:33 PM,08:26 AM,05:59 AM,06:45 PM,7,33,33,33,13,1,21,0.0,1009,39,10,238,9,Kair
2020-04-12,39,26,0.0,12.9,8,61,11:37 PM,09:15 AM,05:58 AM,06:46 PM,6,32,32,33,26,1,21,0.0,1007,39,10,313,18,Kair
2020-04-13,41,28,0.0,12.9,8,53,No moonrise,10:07 AM,05:57 AM,06:47 PM,8,35,35,35,21,15,21,0.1,1005,41,10,302,14,Kair
2020-04-14,41,29,0.0,11.9,8,46,12:36 AM,11:03 AM,05:56 AM,06:47 PM,7,35,35,35,15,53,19,1.2,1006,41,10,278,9,Kair
2020-04-15,40,29,0.0,12.9,9,38,01:29 AM,11:59 AM,05:55 AM,06:48 PM,2,35,35,35,18,28,15,0.0,1006,40,10,192,12,Kair
2020-04-16,40,28,0.0,11.9,8,30,02:15 AM,12:56 PM,05:54 AM,06:48 PM,1,34,34,35,16,33,13,0.0,1004,40,10,220,11,Kair
2020-04-17,35,28,0.0,13.0,8,23,02:56 AM,01:52 PM,05:53 AM,06:49 PM,6,30,30,31,22,30,21,0.0,1005,35,10,208,15,Kair
2020-04-18,36,25,0.0,13.0,7,15,03:32 AM,02:46 PM,05:52 AM,06:50 PM,10,30,30,30,18,40,31,0.5,1007,36,10,250,12,Kair
2020-04-19,37,26,0.0,13.0,8,8,04:05 AM,03:39 PM,05:51 AM,06:50 PM,7,31,31,32,16,6,24,0.0,1005,37,10,257,10,Kair
2020-04-20,36,26,0.0,13.0,8,0,04:35 AM,04:31 PM,05:50 AM,06:51 PM,7,29,29,30,14,17,26,0.0,1007,36,10,192,10,Kair
2020-04-21,36,24,0.0,13.0,8,0,05:05 AM,05:23 PM,05:49 AM,06:52 PM,7,29,29,30,18,8,26,0.0,1007,36,10,278,12,Kair
2020-04-22,37,25,0.0,13.0,8,0,05:34 AM,06:15 PM,05:48 AM,06:52 PM,6,30,30,31,17,5,23,0.0,1006,37,10,206,11,Kair
2020-04-23,37,27,0.0,13.1,7,0,06:04 AM,07:09 PM,05:47 AM,06:53 PM,8,30,30,31,14,24,25,0.2,1006,37,10,197,10,Kair
2020-04-24,38,25,0.0,13.1,8,7,06:36 AM,08:03 PM,05:46 AM,06:53 PM,8,32,32,32,11,7,25,0.0,1005,38,10,192,8,Kair
2020-04-25,37,20,0.0,9.4,7,15,07:11 AM,08:59 PM,05:45 AM,06:54 PM,10,30,30,30,21,59,29,3.4,1004,37,9,201,12,Kair
2020-04-26,37,27,0.0,13.1,7,22,07:49 AM,09:55 PM,05:44 AM,06:55 PM,11,30,30,31,16,37,33,1.7,1006,37,10,165,11,Kair
2020-04-27,32,23,0.0,13.1,6,30,08:33 AM,10:52 PM,05:43 AM,06:55 PM,16,28,28,27,29,52,53,5.7,1009,32,10,106,22,Kair
2020-04-28,37,24,0.0,13.1,7,37,09:22 AM,11:48 PM,05:42 AM,06:56 PM,14,31,31,30,18,19,43,0.1,1009,37,10,153,13,Kair
2020-04-29,40,29,0.0,13.2,8,45,10:16 AM,No moonset,05:41 AM,06:57 PM,12,34,34,34,12,14,27,0.1,1005,40,10,191,9,Kair
2020-04-30,39,27,0.0,13.2,7,52,11:16 AM,12:40 AM,05:40 AM,06:57 PM,12,33,33,33,20,29,29,1.8,1006,39,10,140,14,Kair
2020-05-01,42,31,0.0,13.2,9,58,12:19 PM,01:29 AM,05:39 AM,06:58 PM,10,36,36,37,14,1,22,0.0,1004,42,10,137,11,Kair
2020-05-02,43,29,0.0,13.2,8,65,01:24 PM,02:14 AM,05:39 AM,06:58 PM,9,37,37,36,16,22,21,0.1,1002,43,10,153,11,Kair
2020-05-03,44,30,0.0,13.2,9,72,02:30 PM,02:56 AM,05:38 AM,06:59 PM,11,38,38,37,19,31,26,1.1,1002,44,10,123,14,Kair
2020-05-04,40,20,0.0,13.6,9,80,03:37 PM,03:35 AM,05:37 AM,07:00 PM,11,32,32,32,16,27,32,1.1,1005,40,10,209,12,Kair
2020-05-05,38,28,0.0,13.3,8,87,04:44 PM,04:13 AM,05:36 AM,07:00 PM,11,33,33,34,12,49,29,0.8,1005,38,10,230,9,Kair
2020-05-06,37,26,0.0,13.3,7,94,05:53 PM,04:51 AM,05:35 AM,07:01 PM,14,30,30,29,23,25,41,1.1,1005,37,10,143,16,Kair
2020-05-07,39,25,0.0,13.7,8,100,07:01 PM,05:32 AM,05:35 AM,07:02 PM,10,32,32,32,15,30,32,1.4,1005,39,10,184,11,Kair
2020-05-08,39,27,0.0,13.7,9,100,08:10 PM,06:14 AM,05:34 AM,07:02 PM,8,33,33,34,13,8,21,0.0,1004,39,10,232,9,Kair
2020-05-09,43,32,0.0,13.7,9,84,09:18 PM,07:02 AM,05:33 AM,07:03 PM,7,39,39,38,13,12,17,0.0,1003,43,10,273,10,Kair
2020-05-10,43,30,0.0,13.7,8,77,10:21 PM,07:53 AM,05:32 AM,07:04 PM,8,36,36,36,21,21,20,0.0,1004,43,10,187,14,Kair
2020-05-11,41,32,0.0,13.7,8,70,11:19 PM,08:49 AM,05:32 AM,07:04 PM,9,35,35,36,15,16,21,0.1,1005,41,10,189,11,Kair
2020-05-12,41,28,0.0,13.3,8,62,No moonrise,09:47 AM,05:31 AM,07:05 PM,11,35,35,35,15,35,26,1.3,1006,41,10,164,11,Kair
2020-05-13,37,31,0.0,12.1,7,55,12:10 AM,10:45 AM,05:30 AM,07:05 PM,12,33,33,33,15,26,27,0.6,1004,37,10,82,11,Kair
2020-05-14,41,28,0.0,13.8,8,48,12:54 AM,11:43 AM,05:30 AM,07:06 PM,13,33,33,33,15,17,30,0.9,1004,41,10,136,11,Kair
2020-05-15,41,29,0.0,13.8,9,40,01:33 AM,12:38 PM,05:29 AM,07:07 PM,11,35,35,35,25,10,26,0.4,1003,41,10,316,19,Kair
2020-05-16,40,30,0.0,13.8,9,33,02:06 AM,01:33 PM,05:29 AM,07:07 PM,6,34,34,35,29,6,18,0.0,1002,40,10,306,21,Kair
2020-05-17,42,31,0.0,13.8,8,26,02:38 AM,02:25 PM,05:28 AM,07:08 PM,4,36,36,37,26,13,14,0.0,1000,42,10,307,18,Kair
2020-05-18,42,31,0.0,13.8,9,19,03:08 AM,03:18 PM,05:27 AM,07:09 PM,1,37,37,37,19,13,13,0.2,1000,42,10,305,13,Kair
2020-05-19,41,32,0.0,13.8,9,11,03:37 AM,04:09 PM,05:27 AM,07:09 PM,0,36,36,37,19,2,11,0.0,1000,41,10,244,14,Kair
2020-05-20,42,31,0.0,13.8,9,4,04:06 AM,05:02 PM,05:26 AM,07:10 PM,0,37,37,37,19,0,11,0.0,998,42,10,281,13,Kair
2020-05-21,44,31,0.0,13.8,9,0,04:37 AM,05:57 PM,05:26 AM,07:10 PM,-1,38,38,38,29,0,10,0.0,998,44,10,313,19,Kair
2020-05-22,47,34,0.0,13.9,10,0,05:11 AM,06:52 PM,05:25 AM,07:11 PM,1,41,41,40,12,0,9,0.0,998,47,10,260,8,Kair
2020-05-23,46,35,0.0,13.9,10,3,05:48 AM,07:50 PM,05:25 AM,07:12 PM,3,41,41,40,21,2,11,0.0,1000,46,10,267,15,Kair
2020-05-24,46,36,0.0,13.9,10,10,06:30 AM,08:47 PM,05:25 AM,07:12 PM,3,43,43,41,18,0,11,0.0,1000,46,10,239,13,Kair
2020-05-25,46,36,0.0,13.9,10,17,07:19 AM,09:44 PM,05:24 AM,07:13 PM,3,42,42,41,23,0,11,0.0,999,46,10,296,17,Kair
2020-05-26,47,35,0.0,13.9,10,25,08:12 AM,10:38 PM,05:24 AM,07:13 PM,0,43,43,41,22,7,9,0.0,997,47,10,269,15,Kair
2020-05-27,46,33,0.0,13.9,10,32,09:10 AM,11:28 PM,05:24 AM,07:14 PM,1,42,42,41,16,14,10,0.0,995,46,10,207,11,Kair
2020-05-28,43,32,0.0,13.9,8,39,10:12 AM,No moonset,05:23 AM,07:15 PM,6,36,36,37,28,32,16,0.2,996,43,10,151,19,Kair
2020-05-29,43,28,0.0,13.9,8,47,11:16 AM,12:13 AM,05:23 AM,07:15 PM,11,37,37,36,26,29,26,0.1,1000,43,10,135,18,Kair
2020-05-30,36,27,0.0,11.0,7,54,12:19 PM,12:55 AM,05:23 AM,07:16 PM,15,31,31,31,18,57,39,2.0,1004,36,10,104,13,Kair
2020-05-31,33,28,0.0,12.2,7,58,01:24 PM,01:34 AM,05:22 AM,07:16 PM,17,31,31,30,13,39,45,2.0,1006,33,10,135,10,Kair
2020-06-01,39,27,0.0,14.0,8,71,02:28 PM,02:10 AM,05:22 AM,07:17 PM,14,33,33,33,12,7,36,0.0,1006,39,10,184,9,Kair
2020-06-02,40,31,0.0,11.0,8,79,03:34 PM,02:47 AM,05:22 AM,07:17 PM,12,35,35,35,14,48,27,0.9,1003,40,10,259,11,Kair
2020-06-03,40,31,0.0,14.0,9,86,04:41 PM,03:25 AM,05:22 AM,07:18 PM,12,35,35,35,12,6,26,0.0,1002,40,10,262,9,Kair
2020-06-04,38,30,0.0,14.0,7,94,05:49 PM,04:05 AM,05:22 AM,07:18 PM,15,33,33,33,17,26,33,0.4,1002,38,10,115,12,Kair
2020-06-05,37,26,0.0,14.0,7,100,06:57 PM,04:50 AM,05:21 AM,07:19 PM,17,32,32,32,19,38,43,2.6,1003,37,10,162,14,Kair
2020-06-06,38,26,0.0,12.2,7,100,08:03 PM,05:39 AM,05:21 AM,07:19 PM,18,33,33,32,15,36,45,1.9,1003,38,10,114,11,Kair
2020-06-07,39,30,0.0,13.3,8,84,09:04 PM,06:33 AM,05:21 AM,07:20 PM,16,35,35,34,11,46,34,0.7,1001,39,10,196,8,Kair
2020-06-08,41,32,0.0,14.0,9,76,09:59 PM,07:31 AM,05:21 AM,07:20 PM,14,37,37,37,15,12,26,0.0,999,41,10,283,11,Kair
2020-06-09,43,34,0.0,14.0,10,69,10:47 PM,08:30 AM,05:21 AM,07:20 PM,13,39,39,39,15,6,23,0.0,999,43,10,283,12,Kair
2020-06-10,43,35,0.0,14.0,10,61,11:29 PM,09:30 AM,05:21 AM,07:21 PM,15,40,40,39,15,9,25,0.0,998,43,10,305,11,Kair
2020-06-11,44,35,0.0,13.4,9,54,No moonrise,10:27 AM,05:21 AM,07:21 PM,14,40,40,39,19,31,24,0.7,996,44,10,286,14,Kair
2020-06-12,46,36,0.0,14.0,10,46,12:06 AM,11:24 AM,05:21 AM,07:22 PM,11,42,42,41,11,3,18,0.0,996,46,10,257,8,Kair
2020-06-13,47,37,0.0,14.0,10,38,12:38 AM,12:17 PM,05:21 AM,07:22 PM,12,43,43,42,10,2,17,0.0,995,47,10,201,8,Kair
2020-06-14,47,35,0.0,14.0,10,31,01:09 AM,01:10 PM,05:21 AM,07:22 PM,13,44,44,42,14,1,21,0.0,996,47,10,207,10,Kair
2020-06-15,48,34,0.0,14.0,10,23,01:38 AM,02:02 PM,05:21 AM,07:23 PM,9,44,44,42,13,0,16,0.0,996,48,10,173,10,Kair
2020-06-16,48,33,0.0,14.0,10,16,02:07 AM,02:54 PM,05:22 AM,07:23 PM,11,43,43,41,23,0,23,0.0,994,48,10,153,16,Kair
2020-06-17,50,34,0.0,14.0,10,8,02:37 AM,03:48 PM,05:22 AM,07:23 PM,12,46,46,43,17,0,21,0.0,992,50,10,167,12,Kair
2020-06-18,48,34,0.0,14.0,10,1,03:10 AM,04:43 PM,05:22 AM,07:24 PM,10,43,43,41,17,0,18,0.0,993,48,10,180,12,Kair
2020-06-19,44,31,0.0,14.0,9,0,03:46 AM,05:40 PM,05:22 AM,07:24 PM,17,41,41,38,22,5,35,0.0,996,44,10,207,16,Kair
2020-06-20,45,32,0.0,14.0,10,0,04:26 AM,06:38 PM,05:22 AM,07:24 PM,16,41,41,38,23,12,31,0.0,997,45,10,192,16,Kair
2020-06-21,45,31,0.0,14.0,9,0,05:13 AM,07:36 PM,05:22 AM,07:24 PM,17,41,41,38,20,7,33,0.0,997,45,10,216,16,Kair
2020-06-22,44,30,0.0,14.0,10,7,06:05 AM,08:32 PM,05:23 AM,07:24 PM,17,41,41,38,16,7,33,0.0,996,44,10,200,12,Kair
2020-06-23,43,32,0.0,14.0,9,14,07:03 AM,09:25 PM,05:23 AM,07:25 PM,18,40,40,38,21,19,33,0.0,998,43,10,139,15,Kair
2020-06-24,40,32,0.0,13.4,8,22,08:05 AM,10:12 PM,05:23 AM,07:25 PM,21,39,39,35,19,54,46,2.8,1000,40,10,137,15,Kair
2020-06-25,43,32,0.0,12.2,8,29,09:09 AM,10:56 PM,05:23 AM,07:25 PM,20,42,42,38,16,51,40,2.3,998,43,10,145,11,Kair
2020-06-26,44,32,0.0,13.4,8,37,10:13 AM,11:35 PM,05:24 AM,07:25 PM,18,40,40,38,21,37,33,0.4,996,44,10,231,16,Kair
2020-06-27,39,29,0.0,13.4,8,44,11:17 AM,No moonset,05:24 AM,07:25 PM,19,39,39,36,22,36,37,0.8,995,39,10,269,16,Kair
2020-06-28,43,28,0.0,14.0,8,52,12:20 PM,12:12 AM,05:24 AM,07:25 PM,20,41,41,37,18,25,37,0.9,995,43,10,220,13,Kair
2020-06-29,45,33,0.0,14.0,10,59,01:24 PM,12:48 AM,05:25 AM,07:25 PM,19,42,42,38,16,13,33,0.0,996,45,10,207,11,Kair
2020-06-30,43,24,0.0,14.0,9,67,02:28 PM,01:24 AM,05:25 AM,07:25 PM,19,40,40,36,14,9,39,0.0,997,43,10,172,10,Kair
2020-07-01,46,33,0.0,14.0,10,72,03:34 PM,02:02 AM,05:25 AM,07:25 PM,19,43,43,39,19,7,33,0.0,996,46,10,138,14,Kair
2020-07-02,46,34,0.0,14.0,10,79,04:40 PM,02:43 AM,05:26 AM,07:25 PM,16,43,43,40,17,5,26,0.0,994,46,10,179,12,Kair
2020-07-03,46,36,0.0,14.0,10,86,05:46 PM,03:29 AM,05:26 AM,07:25 PM,17,44,44,41,17,5,27,0.0,993,46,10,170,13,Kair
2020-07-04,46,34,0.0,14.0,10,94,06:49 PM,04:20 AM,05:27 AM,07:25 PM,21,44,44,40,29,3,38,0.0,993,46,10,94,22,Kair
2020-07-05,42,32,0.0,14.0,9,100,07:47 PM,05:16 AM,05:27 AM,07:25 PM,21,41,41,36,21,12,44,0.2,994,42,10,150,16,Kair
2020-07-06,42,29,0.0,14.0,9,100,08:38 PM,06:15 AM,05:28 AM,07:25 PM,21,40,40,36,15,29,47,0.1,995,42,10,103,11,Kair
2020-07-07,39,30,0.0,12.2,8,85,09:23 PM,07:15 AM,05:28 AM,07:25 PM,22,40,40,35,22,49,50,2.2,998,39,10,116,16,Kair
2020-07-08,34,27,0.0,8.7,7,77,10:02 PM,08:14 AM,05:28 AM,07:25 PM,23,34,34,30,19,71,67,11.5,1001,34,9,98,13,Kair
2020-07-09,38,28,0.0,9.9,7,70,10:37 PM,09:12 AM,05:29 AM,07:24 PM,24,39,39,33,12,70,61,31.1,996,38,7,188,8,Kair
2020-07-10,42,33,0.0,14.0,8,63,11:09 PM,10:07 AM,05:29 AM,07:24 PM,22,42,42,37,27,34,45,5.4,992,42,10,226,19,Kair
2020-07-11,40,32,0.0,11.0,8,55,11:39 PM,11:01 AM,05:30 AM,07:24 PM,22,40,40,36,23,68,49,13.6,994,40,9,261,15,Kair
2020-07-12,39,28,0.0,12.2,7,48,No moonrise,11:53 AM,05:30 AM,07:24 PM,22,38,38,33,13,59,55,6.4,995,39,9,254,9,Kair
2020-07-13,41,30,0.0,11.0,8,41,12:07 AM,12:45 PM,05:31 AM,07:23 PM,21,39,39,35,12,53,45,6.7,997,41,9,248,8,Kair
2020-07-14,43,34,0.0,13.9,9,34,12:37 AM,01:38 PM,05:31 AM,07:23 PM,18,41,41,38,19,19,32,0.0,996,43,10,295,13,Kair
2020-07-15,43,33,0.0,13.9,9,26,01:08 AM,02:32 PM,05:32 AM,07:23 PM,20,41,41,38,20,14,39,0.0,996,43,10,132,14,Kair
2020-07-16,39,32,0.0,13.9,9,19,01:43 AM,03:28 PM,05:33 AM,07:22 PM,22,40,40,35,17,28,47,0.1,997,39,10,128,13,Kair
2020-07-17,39,30,0.0,12.2,8,12,02:20 AM,04:25 PM,05:33 AM,07:22 PM,23,41,41,35,14,49,53,7.6,998,39,9,109,9,Kair
2020-07-18,40,31,0.0,12.2,8,5,03:04 AM,05:24 PM,05:34 AM,07:22 PM,22,41,41,36,14,54,47,2.7,998,40,10,161,9,Kair
2020-07-19,41,31,0.0,13.9,8,0,03:54 AM,06:21 PM,05:34 AM,07:21 PM,23,42,42,36,14,50,50,1.0,996,41,10,189,10,Kair
2020-07-20,38,30,0.0,9.8,7,0,04:51 AM,07:17 PM,05:35 AM,07:21 PM,24,38,38,33,16,71,60,16.1,995,38,8,212,11,Kair
2020-07-21,33,26,0.0,11.0,7,2,05:52 AM,08:07 PM,05:35 AM,07:20 PM,23,34,34,30,12,64,70,19.6,999,33,8,162,7,Kair
2020-07-22,32,27,0.0,13.3,6,10,06:57 AM,08:53 PM,05:36 AM,07:20 PM,21,31,31,29,12,47,63,0.7,1001,32,10,228,8,Kair
2020-07-23,39,29,0.0,13.8,9,17,08:03 AM,09:35 PM,05:36 AM,07:19 PM,20,36,36,34,12,20,46,0.0,1000,39,10,296,8,Kair
2020-07-24,39,30,0.0,13.3,8,24,09:09 AM,10:13 PM,05:37 AM,07:19 PM,22,39,39,34,14,38,49,0.7,1002,39,10,147,10,Kair
2020-07-25,36,28,0.0,13.8,8,32,10:14 AM,10:49 PM,05:38 AM,07:18 PM,22,37,37,33,14,28,53,0.0,1004,36,10,129,10,Kair
2020-07-26,38,29,0.0,13.3,7,39,11:18 AM,11:26 PM,05:38 AM,07:17 PM,22,39,39,34,11,38,53,0.1,1004,38,10,183,7,Kair
2020-07-27,38,30,0.0,13.8,8,46,12:22 PM,No moonset,05:39 AM,07:17 PM,22,39,39,34,13,45,50,0.7,1001,38,10,221,9,Kair
2020-07-28,40,32,0.0,13.8,9,53,01:27 PM,12:02 AM,05:39 AM,07:16 PM,21,40,40,36,16,39,42,0.0,999,40,10,272,11,Kair
2020-07-29,39,32,0.0,11.0,8,61,02:31 PM,12:42 AM,05:40 AM,07:16 PM,22,40,40,35,11,59,47,0.9,998,39,10,179,7,Kair
2020-07-30,31,28,0.0,8.6,6,68,03:36 PM,01:25 AM,05:41 AM,07:15 PM,25,35,35,29,24,74,78,14.5,1001,31,9,122,16,Kair
2020-07-31,39,27,0.0,13.3,7,72,04:38 PM,02:13 AM,05:41 AM,07:14 PM,25,39,39,33,15,45,66,2.5,999,39,10,177,10,Kair
2020-08-01,39,28,0.0,13.3,7,82,05:37 PM,03:06 AM,05:42 AM,07:13 PM,24,39,39,33,15,50,62,1.4,999,39,10,154,10,Kair
2020-08-02,40,30,0.0,13.3,8,90,06:30 PM,04:03 AM,05:42 AM,07:13 PM,24,41,41,34,10,37,56,0.7,997,40,10,203,7,Kair
2020-08-03,41,32,0.0,12.1,8,97,07:18 PM,05:03 AM,05:43 AM,07:12 PM,23,42,42,36,12,43,49,2.2,993,41,10,214,9,Kair
2020-08-04,41,32,0.0,13.7,9,100,07:59 PM,06:02 AM,05:43 AM,07:11 PM,22,42,42,36,15,16,48,0.0,991,41,10,208,11,Kair
2020-08-05,41,31,0.0,13.7,8,88,08:35 PM,07:00 AM,05:44 AM,07:10 PM,24,42,42,35,18,29,53,0.2,993,41,10,112,12,Kair
2020-08-06,35,30,0.0,13.3,7,81,09:08 PM,07:57 AM,05:45 AM,07:10 PM,24,38,38,32,22,42,60,0.1,998,35,10,110,16,Kair
2020-08-07,36,29,0.0,13.6,8,74,09:38 PM,08:51 AM,05:45 AM,07:09 PM,23,38,38,32,27,34,60,0.3,1000,36,10,118,20,Kair
2020-08-08,40,30,0.0,13.6,9,67,10:07 PM,09:44 AM,05:46 AM,07:08 PM,24,40,40,34,11,28,56,0.0,997,40,10,177,8,Kair
2020-08-09,37,31,0.0,12.1,8,59,10:37 PM,10:36 AM,05:46 AM,07:07 PM,24,41,41,34,8,58,55,2.9,996,37,10,231,5,Kair
2020-08-10,31,27,0.0,9.7,6,52,11:07 PM,11:29 AM,05:47 AM,07:06 PM,26,35,35,29,27,71,87,47.4,998,31,6,119,14,Kair
2020-08-11,33,27,0.0,9.7,7,45,11:40 PM,12:22 PM,05:47 AM,07:05 PM,26,37,37,30,18,71,83,34.7,998,33,7,138,10,Kair
2020-08-12,35,28,0.0,9.7,7,38,No moonrise,01:17 PM,05:48 AM,07:04 PM,26,38,38,31,12,73,76,14.7,997,35,9,179,8,Kair
2020-08-13,32,27,0.0,8.5,6,30,12:15 AM,02:13 PM,05:49 AM,07:03 PM,26,36,36,29,17,75,85,48.7,997,32,7,166,10,Kair
2020-08-14,34,27,0.0,12.1,7,23,12:56 AM,03:10 PM,05:49 AM,07:02 PM,26,36,36,30,20,53,80,18.5,996,34,9,114,13,Kair
2020-08-15,36,27,0.0,10.9,7,16,01:43 AM,04:07 PM,05:50 AM,07:01 PM,26,38,38,31,17,65,76,3.2,995,36,10,96,11,Kair
2020-08-16,34,27,0.0,10.9,7,8,02:35 AM,05:04 PM,05:50 AM,07:00 PM,26,37,37,30,21,59,80,13.8,997,34,9,115,13,Kair
2020-08-17,36,28,0.0,9.4,7,1,03:35 AM,05:56 PM,05:51 AM,06:59 PM,25,39,39,31,17,59,71,6.8,997,36,10,123,11,Kair
2020-08-18,36,28,0.0,13.1,7,0,04:39 AM,06:45 PM,05:51 AM,06:58 PM,25,39,39,32,13,48,70,0.2,997,36,10,145,8,Kair
2020-08-19,34,28,0.0,12.0,7,0,05:46 AM,07:29 PM,05:52 AM,06:57 PM,26,39,39,31,14,59,80,14.1,996,34,8,160,8,Kair
2020-08-20,31,26,0.0,10.7,6,6,06:54 AM,08:09 PM,05:52 AM,06:56 PM,26,33,33,28,19,67,89,42.4,1000,31,7,133,10,Kair
2020-08-21,32,25,0.0,10.7,6,13,08:01 AM,08:47 PM,05:53 AM,06:55 PM,24,33,33,28,18,48,82,10.9,1003,32,9,84,11,Kair
2020-08-22,34,26,0.0,13.0,8,20,09:07 AM,09:25 PM,05:54 AM,06:54 PM,24,34,34,29,11,49,73,3.6,1002,34,10,91,8,Kair
2020-08-23,33,26,0.0,11.9,7,28,10:13 AM,10:02 PM,05:54 AM,06:53 PM,24,34,34,29,23,45,75,1.1,1001,33,10,102,17,Kair
2020-08-24,33,26,0.0,13.0,7,35,11:19 AM,10:41 PM,05:55 AM,06:52 PM,25,35,35,29,19,32,77,0.1,1001,33,10,116,14,Kair
2020-08-25,34,27,0.0,11.9,7,42,12:25 PM,11:24 PM,05:55 AM,06:51 PM,25,36,36,30,17,62,76,0.7,1002,34,10,120,11,Kair
2020-08-26,34,27,0.0,11.9,7,50,01:30 PM,No moonset,05:56 AM,06:50 PM,25,36,36,30,15,47,77,5.2,1003,34,10,134,9,Kair
2020-08-27,34,28,0.0,9.4,7,57,02:33 PM,12:10 AM,05:56 AM,06:49 PM,25,37,37,31,7,72,73,20.2,1001,34,8,224,4,Kair
2020-08-28,34,26,0.0,11.9,7,64,03:32 PM,01:02 AM,05:57 AM,06:48 PM,25,35,35,29,13,56,78,17.1,1000,34,9,140,8,Kair
2020-08-29,34,26,0.0,9.3,7,71,04:26 PM,01:57 AM,05:57 AM,06:46 PM,24,35,35,30,11,67,73,3.7,1001,34,9,150,7,Kair
2020-08-30,33,27,0.0,10.6,7,79,05:14 PM,02:55 AM,05:58 AM,06:45 PM,24,34,34,29,25,57,75,2.5,1001,33,10,113,17,Kair
2020-08-31,33,26,0.0,10.6,7,82,05:57 PM,03:53 AM,05:58 AM,06:44 PM,25,35,35,29,22,68,80,6.8,1001,33,10,123,15,Kair
2020-09-01,34,26,0.0,9.3,7,97,06:34 PM,04:51 AM,05:59 AM,06:43 PM,24,35,35,30,11,52,70,0.4,1004,34,10,193,8,Kair
2020-09-02,34,28,0.0,8.0,7,100,07:08 PM,05:48 AM,05:59 AM,06:42 PM,23,36,36,31,7,72,65,1.2,1005,34,10,178,5,Kair
2020-09-03,31,25,0.0,10.5,6,88,07:39 PM,06:43 AM,06:00 AM,06:41 PM,24,33,33,28,19,51,78,12.3,1006,31,9,93,11,Kair
2020-09-04,34,26,0.0,7.7,7,81,08:08 PM,07:37 AM,06:00 AM,06:39 PM,25,36,36,30,18,74,77,12.6,1005,34,9,110,11,Kair
2020-09-05,35,27,0.0,10.2,7,73,08:37 PM,08:29 AM,06:01 AM,06:38 PM,24,37,37,31,11,48,67,0.5,1003,35,10,144,7,Kair
2020-09-06,35,28,0.0,7.5,7,66,09:07 PM,09:22 AM,06:01 AM,06:37 PM,24,37,37,31,12,53,68,12.3,1002,35,9,161,7,Kair
2020-09-07,35,27,0.0,6.2,7,58,09:38 PM,10:14 AM,06:02 AM,06:36 PM,25,36,36,30,8,78,72,7.8,1003,35,9,194,5,Kair
2020-09-08,36,29,0.0,11.6,8,50,10:12 PM,11:08 AM,06:02 AM,06:35 PM,23,37,37,32,6,10,61,0.0,1004,36,10,249,4,Kair
2020-09-09,36,28,0.0,11.6,8,43,10:50 PM,12:03 PM,06:03 AM,06:33 PM,23,37,37,32,9,3,57,0.0,1003,36,10,277,6,Kair
2020-09-10,36,29,0.0,11.6,8,35,11:33 PM,12:59 PM,06:03 AM,06:32 PM,21,36,36,32,12,2,52,0.0,1001,36,10,295,8,Kair
2020-09-11,38,30,0.0,11.6,9,28,No moonrise,01:55 PM,06:04 AM,06:31 PM,23,39,39,34,5,0,53,0.0,1001,38,10,213,4,Kair
2020-09-12,38,29,0.0,11.6,8,20,12:22 AM,02:51 PM,06:04 AM,06:30 PM,23,39,39,33,7,1,57,0.0,1003,38,10,168,6,Kair
2020-09-13,36,28,0.0,11.6,8,13,01:18 AM,03:44 PM,06:05 AM,06:28 PM,21,35,35,32,7,6,53,0.0,1004,36,10,193,5,Kair
2020-09-14,36,28,0.0,11.6,8,5,02:19 AM,04:33 PM,06:05 AM,06:27 PM,21,35,35,32,9,6,54,0.0,1003,36,10,195,6,Kair
2020-09-15,36,28,0.0,11.6,8,0,03:24 AM,05:20 PM,06:06 AM,06:26 PM,21,36,36,32,8,5,55,0.0,1002,36,10,155,5,Kair
2020-09-16,37,28,0.0,11.6,8,0,04:31 AM,06:02 PM,06:06 AM,06:25 PM,21,36,36,32,9,7,53,0.0,1002,37,10,191,6,Kair
2020-09-17,37,29,0.0,11.6,8,0,05:40 AM,06:41 PM,06:07 AM,06:23 PM,20,36,36,32,8,5,50,0.0,1001,37,10,240,5,Kair
2020-09-18,37,29,0.0,11.6,8,2,06:48 AM,07:19 PM,06:07 AM,06:22 PM,20,36,36,33,14,7,47,0.0,1000,37,10,312,9,Kair
2020-09-19,37,28,0.0,11.6,8,10,07:56 AM,07:58 PM,06:08 AM,06:21 PM,20,36,36,32,9,4,47,0.0,1001,37,10,141,6,Kair
2020-09-20,37,28,0.0,11.6,8,17,09:04 AM,08:37 PM,06:08 AM,06:20 PM,20,37,37,33,9,3,49,0.0,1000,37,10,261,6,Kair
2020-09-21,37,28,0.0,11.6,8,25,10:13 AM,09:20 PM,06:09 AM,06:19 PM,21,36,36,32,7,8,51,0.0,1000,37,10,120,5,Kair
2020-09-22,36,28,0.0,10.2,7,32,11:21 AM,10:06 PM,06:09 AM,06:17 PM,22,36,36,31,17,38,60,1.7,1000,36,10,110,11,Kair
2020-09-23,33,27,0.0,8.8,7,40,12:26 PM,10:57 PM,06:10 AM,06:16 PM,23,33,33,29,21,46,73,6.5,1001,33,9,121,13,Kair
2020-09-24,35,25,0.0,11.6,8,47,01:28 PM,11:52 PM,06:11 AM,06:15 PM,22,33,33,30,12,30,68,0.4,1003,35,10,176,8,Kair
2020-09-25,37,27,0.0,11.6,8,55,02:24 PM,No moonset,06:11 AM,06:14 PM,22,36,36,32,7,1,58,0.0,1002,37,10,167,5,Kair
2020-09-26,36,27,0.0,11.6,7,62,03:14 PM,12:49 AM,06:12 AM,06:13 PM,19,33,33,31,11,17,49,0.1,1002,36,10,190,7,Kair
2020-09-27,36,27,0.0,11.6,8,70,03:57 PM,01:48 AM,06:12 AM,06:11 PM,17,34,34,32,8,2,42,0.0,1004,36,10,241,6,Kair
2020-09-28,36,27,0.0,11.6,8,78,04:35 PM,02:46 AM,06:13 AM,06:10 PM,14,32,32,31,11,1,36,0.0,1005,36,10,232,7,Kair
2020-09-29,36,27,0.0,11.6,8,85,05:10 PM,03:43 AM,06:13 AM,06:09 PM,14,32,32,31,11,1,35,0.0,1004,36,10,237,7,Kair
2020-09-30,36,26,0.0,11.6,8,93,05:41 PM,04:37 AM,06:14 AM,06:08 PM,12,30,30,31,13,1,32,0.0,1004,36,10,311,9,Kair
2020-10-01,37,26,0.0,11.6,8,97,06:10 PM,05:31 AM,06:14 AM,06:07 PM,13,31,31,31,10,0,33,0.0,1003,37,10,276,7,Kair
2020-10-02,38,26,0.0,11.6,8,100,06:39 PM,06:23 AM,06:15 AM,06:05 PM,13,32,32,32,8,0,32,0.0,1003,38,10,148,5,Kair
2020-10-03,37,27,0.0,11.6,8,89,07:09 PM,07:16 AM,06:15 AM,06:04 PM,13,32,32,32,8,0,34,0.0,1004,37,10,197,5,Kair
2020-10-04,36,27,0.0,11.6,8,82,07:39 PM,08:08 AM,06:16 AM,06:03 PM,10,31,31,31,8,0,28,0.0,1005,36,10,250,6,Kair
2020-10-05,36,26,0.0,11.6,8,74,08:12 PM,09:02 AM,06:17 AM,06:02 PM,9,30,30,31,9,0,27,0.0,1005,36,10,316,7,Kair
2020-10-06,36,25,0.0,11.6,8,67,08:48 PM,09:56 AM,06:17 AM,06:01 PM,9,30,30,31,11,0,27,0.0,1005,36,10,322,7,Kair
2020-10-07,37,26,0.0,11.6,8,60,09:29 PM,10:51 AM,06:18 AM,06:00 PM,10,31,31,31,6,0,27,0.0,1007,37,10,161,5,Kair
2020-10-08,37,26,0.0,8.7,8,53,10:14 PM,11:47 AM,06:18 AM,05:59 PM,13,31,31,31,6,0,34,0.0,1008,37,10,182,4,Kair
2020-10-09,37,26,0.0,8.7,8,45,11:06 PM,12:42 PM,06:19 AM,05:57 PM,10,30,30,31,6,0,28,0.0,1008,37,10,175,5,Kair
2020-10-10,36,27,0.0,8.7,8,38,No moonrise,01:35 PM,06:19 AM,05:56 PM,10,30,30,31,6,0,29,0.0,1007,36,10,175,5,Kair
2020-10-11,36,26,0.0,8.7,8,31,12:03 AM,02:24 PM,06:20 AM,05:55 PM,11,30,30,31,8,0,31,0.0,1005,36,10,175,5,Kair
2020-10-12,38,25,0.0,8.7,8,23,01:05 AM,03:11 PM,06:21 AM,05:54 PM,14,31,31,30,10,0,38,0.0,1004,38,10,135,6,Kair
2020-10-13,35,25,0.0,8.7,8,16,02:09 AM,03:53 PM,06:21 AM,05:53 PM,14,30,30,29,12,2,42,0.0,1005,35,10,114,8,Kair
2020-10-14,36,25,0.0,8.7,8,9,03:16 AM,04:33 PM,06:22 AM,05:52 PM,15,31,31,30,8,4,42,0.0,1005,36,10,184,5,Kair
2020-10-15,36,25,0.0,8.7,8,2,04:23 AM,05:11 PM,06:22 AM,05:51 PM,14,30,30,30,7,3,38,0.0,1006,36,10,164,4,Kair
2020-10-16,36,26,0.0,8.7,8,0,05:32 AM,05:49 PM,06:23 AM,05:50 PM,7,29,29,31,6,0,24,0.0,1006,36,10,246,4,Kair
2020-10-17,36,26,0.0,8.7,8,0,06:41 AM,06:28 PM,06:24 AM,05:49 PM,7,29,29,30,7,0,23,0.0,1007,36,10,245,5,Kair
2020-10-18,34,24,0.0,8.7,8,5,07:51 AM,07:10 PM,06:24 AM,05:48 PM,3,27,27,29,13,5,20,0.0,1007,34,10,322,8,Kair
2020-10-19,34,25,0.0,8.7,8,13,09:02 AM,07:56 PM,06:25 AM,05:47 PM,5,28,28,29,9,0,23,0.0,1007,34,10,202,6,Kair
2020-10-20,35,24,0.0,8.7,8,20,10:11 AM,08:47 PM,06:26 AM,05:46 PM,3,28,28,29,8,0,20,0.0,1007,35,10,240,5,Kair
2020-10-21,36,23,0.0,8.7,8,27,11:18 AM,09:43 PM,06:26 AM,05:45 PM,4,28,28,29,11,0,22,0.0,1008,36,10,114,7,Kair
2020-10-22,35,23,0.0,8.7,7,35,12:18 PM,10:41 PM,06:27 AM,05:44 PM,7,28,28,28,11,2,27,0.0,1006,35,10,104,7,Kair
2020-10-23,35,22,0.0,8.7,8,42,01:11 PM,11:41 PM,06:28 AM,05:43 PM,6,28,28,28,9,1,26,0.0,1007,35,10,120,6,Kair
2020-10-24,34,23,0.0,8.7,7,49,01:57 PM,No moonset,06:28 AM,05:42 PM,2,27,27,28,12,1,19,0.0,1007,34,10,315,8,Kair
2020-10-25,34,24,0.0,8.7,8,56,02:37 PM,12:40 AM,06:29 AM,05:41 PM,3,27,27,28,7,0,20,0.0,1010,34,10,192,5,Kair
2020-10-26,33,24,0.0,8.7,7,64,03:13 PM,01:37 AM,06:30 AM,05:40 PM,1,27,27,28,10,0,18,0.0,1011,33,10,243,7,Kair
2020-10-27,33,22,0.0,8.7,7,71,03:45 PM,02:32 AM,06:31 AM,05:39 PM,1,26,26,27,14,0,19,0.0,1010,33,10,309,9,Kair
2020-10-28,33,22,0.0,8.7,7,78,04:14 PM,03:27 AM,06:31 AM,05:38 PM,3,26,26,27,7,0,21,0.0,1011,33,10,258,5,Kair
2020-10-29,33,22,0.0,8.7,7,85,04:43 PM,04:19 AM,06:32 AM,05:38 PM,4,26,26,27,6,0,23,0.0,1012,33,10,169,4,Kair
2020-10-30,33,23,0.0,8.7,7,93,05:12 PM,05:11 AM,06:33 AM,05:37 PM,5,26,26,27,7,0,26,0.0,1012,33,10,229,5,Kair
2020-10-31,32,21,0.0,8.7,7,97,05:41 PM,06:04 AM,06:33 AM,05:36 PM,4,25,25,26,12,1,25,0.0,1011,32,10,292,8,Kair
2020-11-01,31,21,0.0,8.7,7,89,06:13 PM,06:57 AM,06:34 AM,05:35 PM,-2,24,24,25,15,0,16,0.0,1012,31,10,298,10,Kair
2020-11-02,31,21,0.0,8.7,7,81,06:48 PM,07:51 AM,06:35 AM,05:34 PM,-4,25,25,26,10,0,14,0.0,1012,31,10,293,7,Kair
2020-11-03,31,21,0.0,8.7,7,74,07:27 PM,08:46 AM,06:36 AM,05:34 PM,-3,24,24,25,9,0,15,0.0,1013,31,10,275,6,Kair
2020-11-04,32,21,0.0,8.7,7,66,08:11 PM,09:42 AM,06:36 AM,05:33 PM,-1,25,25,26,8,0,17,0.0,1011,32,10,212,5,Kair
2020-11-05,31,21,0.0,8.7,7,58,09:00 PM,10:37 AM,06:37 AM,05:32 PM,-0,25,25,26,11,0,19,0.0,1013,31,10,312,7,Kair
2020-11-06,31,21,0.0,8.7,7,51,09:55 PM,11:30 AM,06:38 AM,05:31 PM,-2,25,25,26,12,0,17,0.0,1015,31,10,314,8,Kair
2020-11-07,31,21,0.0,8.7,7,43,10:53 PM,12:20 PM,06:39 AM,05:31 PM,-2,24,24,25,12,0,17,0.0,1016,31,10,302,8,Kair
2020-11-08,31,20,0.0,8.7,7,36,11:55 PM,01:06 PM,06:40 AM,05:30 PM,0,24,24,25,5,0,20,0.0,1017,31,10,189,4,Kair
2020-11-09,31,20,0.0,8.7,7,28,No moonrise,01:48 PM,06:40 AM,05:30 PM,0,24,24,25,6,1,20,0.0,1015,31,10,174,4,Kair
2020-11-10,29,20,0.0,8.7,7,21,12:58 AM,02:27 PM,06:41 AM,05:29 PM,3,24,24,24,7,5,28,0.0,1015,29,10,108,4,Kair
2020-11-11,30,20,0.0,8.7,7,13,02:03 AM,03:05 PM,06:42 AM,05:28 PM,7,25,25,24,10,2,34,0.0,1016,30,10,95,7,Kair
2020-11-12,32,20,0.0,8.7,6,6,03:09 AM,03:41 PM,06:43 AM,05:28 PM,7,25,25,25,8,16,33,0.0,1018,32,10,162,5,Kair
2020-11-13,30,21,0.0,8.7,7,0,04:16 AM,04:18 PM,06:44 AM,05:27 PM,2,24,24,25,10,0,24,0.0,1017,30,10,272,7,Kair
2020-11-14,31,18,0.0,8.7,7,0,05:25 AM,04:59 PM,06:44 AM,05:27 PM,0,24,24,24,9,11,22,0.0,1014,31,10,247,6,Kair
2020-11-15,28,18,0.0,7.2,5,0,06:35 AM,05:43 PM,06:45 AM,05:26 PM,6,21,21,21,22,39,38,1.8,1014,28,10,118,14,Kair
2020-11-16,25,17,0.0,7.2,5,2,07:47 AM,06:31 PM,06:46 AM,05:26 PM,13,21,21,21,20,48,62,12.2,1015,25,9,97,13,Kair
2020-11-17,25,18,0.0,8.7,6,9,08:57 AM,07:27 PM,06:47 AM,05:25 PM,9,22,22,22,14,4,46,0.0,1014,25,10,238,9,Kair
2020-11-18,26,18,0.0,8.7,6,17,10:03 AM,08:26 PM,06:48 AM,05:25 PM,6,22,22,22,11,0,38,0.0,1012,26,10,317,8,Kair
2020-11-19,25,18,0.0,8.7,6,24,11:02 AM,09:28 PM,06:48 AM,05:25 PM,3,21,21,21,11,1,30,0.0,1014,25,10,285,8,Kair
2020-11-20,24,17,0.0,8.7,6,32,11:53 AM,10:29 PM,06:49 AM,05:24 PM,2,20,20,20,17,0,30,0.0,1014,24,10,315,12,Kair
2020-11-21,23,16,0.0,8.7,6,39,12:36 PM,11:29 PM,06:50 AM,05:24 PM,-1,19,19,19,25,0,27,0.0,1014,23,10,305,16,Kair
2020-11-22,22,15,0.0,8.7,5,47,01:14 PM,No moonset,06:51 AM,05:24 PM,-2,18,18,18,17,12,25,0.0,1016,22,10,306,11,Kair
2020-11-23,24,14,0.0,8.7,6,54,01:47 PM,12:26 AM,06:52 AM,05:24 PM,-2,19,19,19,8,25,24,0.0,1016,24,10,254,5,Kair
2020-11-24,24,14,0.0,5.6,5,62,02:17 PM,01:21 AM,06:53 AM,05:23 PM,3,20,20,20,5,40,33,0.0,1016,24,10,159,4,Kair
2020-11-25,23,14,0.0,8.7,4,70,02:46 PM,02:14 AM,06:53 AM,05:23 PM,4,18,19,18,13,51,38,0.0,1017,23,10,176,8,Kair
2020-11-26,24,17,0.0,8.7,6,77,03:15 PM,03:06 AM,06:54 AM,05:23 PM,7,20,20,20,19,17,43,0.0,1019,24,10,221,12,Kair
2020-11-27,26,16,0.0,8.7,6,85,03:44 PM,03:58 AM,06:55 AM,05:23 PM,6,20,20,20,17,0,41,0.0,1019,26,10,309,12,Kair
2020-11-28,25,16,0.0,8.7,6,92,04:14 PM,04:51 AM,06:56 AM,05:23 PM,3,20,20,20,17,7,33,0.0,1018,25,10,301,11,Kair
2020-11-29,25,16,0.0,8.7,6,100,04:48 PM,05:45 AM,06:57 AM,05:23 PM,-1,20,20,20,10,10,26,0.0,1017,25,10,297,6,Kair
2020-11-30,26,18,0.0,8.7,6,100,05:26 PM,06:40 AM,06:57 AM,05:22 PM,-1,21,21,22,6,2,23,0.0,1016,26,10,294,4,Kair
2020-12-01,27,17,0.0,8.7,6,89,06:09 PM,07:37 AM,06:58 AM,05:22 PM,1,21,21,22,7,2,25,0.0,1016,27,10,274,5,Kair
2020-12-02,26,19,0.0,8.7,6,82,06:57 PM,08:33 AM,06:59 AM,05:22 PM,2,22,22,22,11,0,28,0.0,1014,26,10,307,8,Kair
2020-12-03,28,17,0.0,8.7,6,75,07:50 PM,09:27 AM,07:00 AM,05:22 PM,3,22,22,22,6,1,28,0.0,1013,28,10,217,5,Kair
2020-12-04,29,18,0.0,8.7,6,67,08:47 PM,10:18 AM,07:01 AM,05:23 PM,6,22,22,23,9,0,35,0.0,1012,29,10,104,6,Kair
2020-12-05,27,17,0.0,8.7,6,60,09:48 PM,11:05 AM,07:01 AM,05:23 PM,5,21,21,21,15,3,36,0.0,1012,27,10,114,9,Kair
2020-12-06,29,18,0.0,8.7,6,53,10:50 PM,11:48 AM,07:02 AM,05:23 PM,6,22,22,22,12,4,36,0.0,1015,29,10,178,7,Kair
2020-12-07,26,17,0.0,8.7,6,46,11:52 PM,12:27 PM,07:03 AM,05:23 PM,4,21,21,21,22,5,34,0.0,1016,26,10,306,14,Kair
2020-12-08,27,18,0.0,8.7,6,38,No moonrise,01:03 PM,07:04 AM,05:23 PM,4,22,22,22,16,5,32,0.0,1016,27,10,316,10,Kair
2020-12-09,27,18,0.0,8.7,6,31,12:55 AM,01:39 PM,07:04 AM,05:23 PM,6,23,23,23,14,7,34,0.0,1014,27,10,309,9,Kair
2020-12-10,28,19,0.0,8.7,6,24,01:58 AM,02:14 PM,07:05 AM,05:23 PM,7,22,22,23,18,2,37,0.0,1014,28,10,317,12,Kair
2020-12-11,28,19,0.0,8.7,6,17,03:04 AM,02:51 PM,07:06 AM,05:24 PM,8,23,23,23,11,8,39,0.1,1013,28,10,195,7,Kair
2020-12-12,22,17,0.0,7.1,4,9,04:11 AM,03:32 PM,07:06 AM,05:24 PM,11,19,19,19,14,38,62,1.1,1014,22,10,74,9,Kair
2020-12-13,23,15,0.0,8.7,5,2,05:21 AM,04:16 PM,07:07 AM,05:24 PM,8,19,19,19,14,2,53,0.0,1014,23,10,287,10,Kair
2020-12-14,22,14,0.0,8.7,5,0,06:31 AM,05:08 PM,07:08 AM,05:25 PM,5,17,17,17,15,1,44,0.0,1015,22,10,307,10,Kair
2020-12-15,22,11,0.0,8.7,5,0,07:40 AM,06:06 PM,07:08 AM,05:25 PM,3,17,18,17,11,0,40,0.0,1017,22,10,316,8,Kair
2020-12-16,19,11,0.0,8.7,5,5,08:44 AM,07:08 PM,07:09 AM,05:25 PM,-1,14,15,14,21,0,34,0.0,1019,19,10,317,14,Kair
2020-12-17,18,10,0.0,8.7,4,12,09:41 AM,08:11 PM,07:10 AM,05:26 PM,-3,12,13,12,22,0,32,0.0,1019,18,10,300,14,Kair
2020-12-18,19,10,0.0,8.7,5,20,10:28 AM,09:14 PM,07:10 AM,05:26 PM,-5,13,14,13,20,0,27,0.0,1017,19,10,299,13,Kair
2020-12-19,20,11,0.0,8.7,5,27,11:10 AM,10:14 PM,07:11 AM,05:27 PM,-6,14,15,14,18,1,24,0.0,1018,20,10,300,12,Kair
2020-12-20,20,12,0.0,8.7,5,34,11:46 AM,11:11 PM,07:11 AM,05:27 PM,-6,15,15,15,19,23,22,0.0,1018,20,10,300,12,Kair
2020-12-21,21,12,0.0,3.8,4,41,12:18 PM,No moonset,07:12 AM,05:28 PM,-5,16,16,16,15,73,23,0.0,1016,21,10,296,9,Kair
2020-12-22,25,14,0.0,8.7,6,49,12:47 PM,12:06 AM,07:12 AM,05:28 PM,-0,19,19,19,7,13,28,0.0,1015,25,10,276,5,Kair
2020-12-23,24,16,0.0,8.7,6,56,01:16 PM,12:59 AM,07:13 AM,05:29 PM,2,20,19,20,9,0,32,0.0,1014,24,10,254,6,Kair
2020-12-24,23,15,0.0,8.7,5,63,01:45 PM,01:51 AM,07:13 AM,05:29 PM,2,18,18,18,13,0,34,0.0,1014,23,10,296,9,Kair
2020-12-25,21,13,0.0,8.7,5,70,02:15 PM,02:43 AM,07:14 AM,05:30 PM,2,17,17,17,15,0,38,0.0,1015,21,10,311,10,Kair
2020-12-26,21,11,0.0,8.7,4,78,02:47 PM,03:37 AM,07:14 AM,05:30 PM,0,15,15,15,16,31,37,0.0,1015,21,10,305,10,Kair
2020-12-27,22,13,0.0,8.7,5,85,03:24 PM,04:32 AM,07:14 AM,05:31 PM,1,17,17,17,17,18,35,0.0,1013,22,10,168,11,Kair
2020-12-28,19,11,0.0,8.7,5,92,04:04 PM,05:28 AM,07:15 AM,05:32 PM,-5,14,15,14,17,13,26,0.0,1014,19,10,290,11,Kair
2020-12-29,18,9,0.0,8.7,4,100,04:51 PM,06:24 AM,07:15 AM,05:32 PM,-2,12,13,12,17,1,36,0.0,1016,18,10,313,11,Kair
2020-12-30,20,8,0.0,8.7,4,100,05:44 PM,07:21 AM,07:15 AM,05:33 PM,1,13,13,13,13,13,44,0.0,1017,20,10,303,8,Kair
2020-12-31,19,9,0.0,7.1,3,89,06:40 PM,08:13 AM,07:16 AM,05:34 PM,2,13,13,13,12,40,47,0.0,1017,19,10,294,7,Kair
2021-01-01,22,10,0.0,8.7,5,79,07:42 PM,09:03 AM,07:16 AM,05:34 PM,2,16,16,16,6,12,42,0.0,1017,22,10,178,4,Kair
2021-01-02,17,12,0.0,3.8,4,71,08:43 PM,09:48 AM,07:16 AM,05:35 PM,2,14,15,14,15,51,43,0.6,1016,17,8,92,8,Kair
2021-01-03,24,14,0.0,7.1,4,64,09:46 PM,10:28 AM,07:16 AM,05:36 PM,9,18,19,18,22,71,59,3.1,1014,24,10,111,13,Kair
2021-01-04,25,15,0.0,5.4,5,57,10:48 PM,11:05 AM,07:17 AM,05:36 PM,13,20,20,20,18,57,69,2.6,1015,25,10,153,11,Kair
2021-01-05,21,16,0.0,3.8,4,50,11:51 PM,11:40 AM,07:17 AM,05:37 PM,14,18,18,18,23,74,78,9.2,1015,21,10,93,14,Kair
2021-01-06,23,15,0.0,7.1,5,42,No moonrise,12:14 PM,07:17 AM,05:38 PM,13,19,19,19,14,46,73,4.7,1014,23,10,138,8,Kair
2021-01-07,25,16,0.0,8.7,6,35,12:53 AM,12:49 PM,07:17 AM,05:39 PM,12,19,20,19,7,2,63,0.0,1012,25,10,271,5,Kair
2021-01-08,24,13,0.0,8.7,4,28,01:58 AM,01:27 PM,07:17 AM,05:39 PM,9,18,18,18,12,19,58,0.0,1013,24,10,244,7,Kair
2021-01-09,21,15,0.0,8.7,5,20,03:04 AM,02:08 PM,07:17 AM,05:40 PM,9,17,17,17,21,29,59,0.0,1014,21,10,324,12,Kair
2021-01-10,23,14,0.0,8.7,5,13,04:12 AM,02:55 PM,07:17 AM,05:41 PM,11,17,18,17,21,8,66,0.0,1013,23,10,314,13,Kair
2021-01-11,19,11,0.0,8.7,5,6,05:20 AM,03:49 PM,07:17 AM,05:42 PM,5,14,14,14,19,0,53,0.0,1014,19,10,295,13,Kair
2021-01-12,19,10,0.0,8.7,5,0,06:25 AM,04:48 PM,07:17 AM,05:43 PM,3,13,14,13,17,0,48,0.0,1014,19,10,295,11,Kair
2021-01-13,18,7,0.0,8.7,4,0,07:25 AM,05:51 PM,07:17 AM,05:43 PM,-1,11,12,11,18,20,42,0.0,1014,18,10,299,11,Kair
2021-01-14,21,9,0.0,8.7,5,1,08:17 AM,06:55 PM,07:17 AM,05:44 PM,2,15,15,15,7,4,42,0.0,1015,21,10,217,4,Kair
2021-01-15,23,11,0.0,7.1,4,8,09:02 AM,07:57 PM,07:17 AM,05:45 PM,5,16,16,16,7,15,49,0.0,1014,23,10,218,5,Kair
2021-01-16,21,12,0.0,8.7,5,16,09:41 AM,08:57 PM,07:17 AM,05:46 PM,5,16,16,16,13,0,49,0.0,1011,21,10,304,9,Kair
2021-01-17,23,12,0.0,8.7,5,23,10:15 AM,09:54 PM,07:16 AM,05:47 PM,6,17,17,17,9,0,51,0.0,1013,23,10,151,6,Kair
2021-01-18,25,12,0.0,8.7,5,30,10:46 AM,10:48 PM,07:16 AM,05:48 PM,6,17,17,17,14,2,50,0.0,1015,25,10,171,8,Kair
2021-01-19,22,13,0.0,8.7,5,38,11:16 AM,11:42 PM,07:16 AM,05:48 PM,6,17,17,17,16,2,52,0.0,1013,22,10,316,10,Kair
2021-01-20,21,11,0.0,8.7,5,45,11:45 AM,No moonset,07:16 AM,05:49 PM,5,15,16,15,25,0,51,0.0,1012,21,10,295,15,Kair
2021-01-21,21,11,0.0,8.7,5,52,12:14 PM,12:34 AM,07:16 AM,05:50 PM,3,15,16,15,23,0,42,0.0,1012,21,10,301,14,Kair
2021-01-22,22,13,0.0,8.7,5,59,12:45 PM,01:28 AM,07:15 AM,05:51 PM,3,17,17,17,8,12,40,0.0,1014,22,10,202,5,Kair
2021-01-23,22,13,0.0,8.7,5,67,01:20 PM,02:21 AM,07:15 AM,05:52 PM,3,16,17,16,26,15,41,0.0,1011,22,10,127,16,Kair
2021-01-24,23,13,0.0,8.7,5,74,01:59 PM,03:17 AM,07:15 AM,05:53 PM,7,17,18,17,12,8,52,0.1,1014,23,10,179,8,Kair
2021-01-25,23,12,0.0,8.7,5,81,02:42 PM,04:13 AM,07:14 AM,05:54 PM,6,17,17,17,11,0,49,0.0,1016,23,10,289,8,Kair
2021-01-26,22,12,0.0,8.7,5,88,03:33 PM,05:09 AM,07:14 AM,05:54 PM,5,16,16,16,14,0,50,0.0,1016,22,10,309,10,Kair
2021-01-27,22,11,0.0,8.7,5,96,04:28 PM,06:04 AM,07:13 AM,05:55 PM,4,15,16,15,14,0,46,0.0,1015,22,10,306,9,Kair
2021-01-28,21,10,0.0,8.7,5,100,05:29 PM,06:55 AM,07:13 AM,05:56 PM,2,15,15,15,13,0,43,0.0,1016,21,10,306,9,Kair
2021-01-29,20,11,0.0,8.7,5,90,06:32 PM,07:43 AM,07:12 AM,05:57 PM,1,14,15,14,15,0,39,0.0,1017,20,10,310,10,Kair
2021-01-30,20,9,0.0,8.7,5,82,07:37 PM,08:25 AM,07:12 AM,05:58 PM,-1,13,14,13,19,0,37,0.0,1016,20,10,299,12,Kair
2021-01-31,23,11,0.0,8.7,5,79,08:40 PM,09:05 AM,07:11 AM,05:59 PM,0,16,16,16,13,0,35,0.0,1017,23,10,298,8,Kair
2021-02-01,23,13,0.0,8.7,5,63,09:44 PM,09:41 AM,07:11 AM,05:59 PM,1,18,18,18,15,0,35,0.0,1018,23,10,303,10,Kair
2021-02-02,26,13,0.0,10.9,6,55,10:47 PM,10:16 AM,07:10 AM,06:00 PM,4,19,19,19,14,0,39,0.0,1016,26,10,290,9,Kair
2021-02-03,25,14,0.0,10.9,6,48,11:51 PM,10:51 AM,07:10 AM,06:01 PM,5,19,20,19,18,2,41,0.0,1015,25,10,122,12,Kair
2021-02-04,23,13,0.0,5.5,4,40,No moonrise,11:27 AM,07:09 AM,06:02 PM,8,16,17,16,25,53,60,11.0,1016,23,9,68,14,Kair
2021-02-05,22,11,0.0,11.0,5,33,12:56 AM,12:07 PM,07:08 AM,06:03 PM,8,15,16,15,15,5,65,0.0,1016,22,10,161,9,Kair
2021-02-06,22,12,0.0,11.0,5,25,02:02 AM,12:51 PM,07:08 AM,06:03 PM,7,16,17,16,16,1,56,0.0,1016,22,10,310,10,Kair
2021-02-07,23,12,0.0,11.0,5,18,03:09 AM,01:41 PM,07:07 AM,06:04 PM,6,16,17,16,18,0,51,0.0,1016,23,10,309,12,Kair
